"Month","Category Group/Category","Category Group","Category","Assigned","Activity","Available"
"Dec 2021","Credit Card Payments: Credit Card (TG)","Credit Card Payments","Credit Card (TG)",0.00$,370.52$,370.52$
"Dec 2021","Credit Card Payments: Reconcile account","Credit Card Payments","Reconcile account",0.00$,0.00$,0.00$
"Dec 2021","Credit Card Payments: BBC Visa","Credit Card Payments","BBC Visa",0.00$,0.00$,0.00$
"Dec 2021","Credit Card Payments: TD Travel Visa","Credit Card Payments","TD Travel Visa",0.00$,0.00$,0.00$
"Dec 2021","Credit Card Payments: Viv's Credit Card (TG)","Credit Card Payments","Viv's Credit Card (TG)",0.00$,0.00$,0.00$
"Dec 2021","Credit Card Payments: WS Credit Card","Credit Card Payments","WS Credit Card",0.00$,0.00$,0.00$
"Dec 2021","Monthly: Amroth House","Monthly","Amroth House",0.00$,0.00$,0.00$
"Dec 2021","Monthly: Internet","Monthly","Internet",0.00$,0.00$,0.00$
"Dec 2021","Monthly: Cellphone","Monthly","Cellphone",0.00$,0.00$,0.00$
"Dec 2021","Monthly: Groceries","Monthly","Groceries",130.18$,-130.18$,0.00$
"Dec 2021","Monthly: Daycare","Monthly","Daycare",0.00$,0.00$,0.00$
"Dec 2021","Monthly: Life Insurance","Monthly","Life Insurance",0.00$,0.00$,0.00$
"Dec 2021","Cumulative: Fees","Cumulative","Fees",0.00$,0.00$,0.00$
"Dec 2021","Cumulative: Progeny","Cumulative","Progeny",0.00$,0.00$,0.00$
"Dec 2021","Cumulative: Books & Education","Cumulative","Books & Education",0.00$,0.00$,0.00$
"Dec 2021","Cumulative: Miscellaneous","Cumulative","Miscellaneous",0.00$,0.00$,0.00$
"Dec 2021","Cumulative: Car","Cumulative","Car",20.00$,-20.00$,0.00$
"Dec 2021","Cumulative: Health & Pharmacy","Cumulative","Health & Pharmacy",0.00$,0.00$,0.00$
"Dec 2021","Cumulative: Clothes","Cumulative","Clothes",20.28$,-20.28$,0.00$
"Dec 2021","Cumulative: Eating Out","Cumulative","Eating Out",15.40$,-15.40$,0.00$
"Dec 2021","Cumulative: Fun, Dates & Hobbies","Cumulative","Fun, Dates & Hobbies",0.00$,0.00$,0.00$
"Dec 2021","Cumulative: Gifts","Cumulative","Gifts",0.00$,0.00$,0.00$
"Dec 2021","Cumulative: Exercise","Cumulative","Exercise",0.00$,0.00$,0.00$
"Dec 2021","Cumulative: Home Improvement","Cumulative","Home Improvement",47.78$,-47.78$,0.00$
"Dec 2021","Cumulative: Public Transportation","Cumulative","Public Transportation",0.00$,0.00$,0.00$
"Dec 2021","Cumulative: Bike","Cumulative","Bike",0.00$,0.00$,0.00$
"Dec 2021","Cumulative: Special Splurge","Cumulative","Special Splurge",0.00$,0.00$,0.00$
"Dec 2021","Cumulative: Tim's Choice","Cumulative","Tim's Choice",415.00$,0.00$,415.00$
"Dec 2021","Cumulative: Vivian's Choice","Cumulative","Vivian's Choice",351.00$,0.00$,351.00$
"Dec 2021","Cumulative: Weddings","Cumulative","Weddings",0.00$,0.00$,0.00$
"Dec 2021","Cumulative: Travel","Cumulative","Travel",357.00$,0.00$,357.00$
"Dec 2021","Tax Deductible: Koala Budget","Tax Deductible","Koala Budget",0.00$,0.00$,0.00$
"Dec 2021","Tax Deductible: Timmy's Work","Tax Deductible","Timmy's Work",9.59$,-9.59$,0.00$
"Dec 2021","Tax Deductible: Vivian's Work","Tax Deductible","Vivian's Work",51.59$,-51.59$,0.00$
"Dec 2021","Tax Deductible: Medical","Tax Deductible","Medical",1300.00$,-15.70$,1284.30$
"Dec 2021","Tax Deductible: God's Money","Tax Deductible","God's Money",60.00$,-60.00$,0.00$
"Dec 2021","Savings: RESP","Savings","RESP",0.00$,0.00$,0.00$
"Dec 2021","Savings: Retirement","Savings","Retirement",0.00$,0.00$,0.00$
"Dec 2021","Savings: Emergency Fund","Savings","Emergency Fund",0.00$,0.00$,0.00$
"Dec 2021","Savings: House","Savings","House",0.00$,0.00$,0.00$
"Dec 2021","Savings: Investment Gain/Loss","Savings","Investment Gain/Loss",0.00$,0.00$,0.00$
"Dec 2021","Savings: Savings Expenses","Savings","Savings Expenses",0.00$,0.00$,0.00$
"Dec 2021","Hidden Categories: Rent","Hidden Categories","Rent",0.00$,0.00$,0.00$
"Dec 2021","Hidden Categories: Hydro","Hidden Categories","Hydro",0.00$,0.00$,0.00$
"Dec 2021","Hidden Categories: Moving & Home Setup","Hidden Categories","Moving & Home Setup",0.00$,0.00$,0.00$
"Dec 2021","Hidden Categories: Alcohol","Hidden Categories","Alcohol",0.00$,0.00$,0.00$
"Dec 2021","Hidden Categories: Vivian COGS","Hidden Categories","Vivian COGS",0.00$,0.00$,0.00$
"Dec 2021","Hidden Categories: Income Tax and HST","Hidden Categories","Income Tax and HST",0.00$,0.00$,0.00$
"Dec 2021","Hidden Categories: Moving Out Fund","Hidden Categories","Moving Out Fund",0.00$,0.00$,0.00$
"Dec 2021","Hidden Categories: Publishing","Hidden Categories","Publishing",0.00$,0.00$,0.00$
"Dec 2021","Hidden Categories: Tuition","Hidden Categories","Tuition",0.00$,0.00$,0.00$
"Jan 2022","Credit Card Payments: Credit Card (TG)","Credit Card Payments","Credit Card (TG)",709.76$,-1080.28$,0.00$
"Jan 2022","Credit Card Payments: Reconcile account","Credit Card Payments","Reconcile account",0.00$,0.00$,0.00$
"Jan 2022","Credit Card Payments: BBC Visa","Credit Card Payments","BBC Visa",0.00$,0.00$,0.00$
"Jan 2022","Credit Card Payments: TD Travel Visa","Credit Card Payments","TD Travel Visa",0.00$,0.00$,0.00$
"Jan 2022","Credit Card Payments: Viv's Credit Card (TG)","Credit Card Payments","Viv's Credit Card (TG)",0.00$,0.00$,0.00$
"Jan 2022","Credit Card Payments: WS Credit Card","Credit Card Payments","WS Credit Card",0.00$,0.00$,0.00$
"Jan 2022","Monthly: Amroth House","Monthly","Amroth House",0.00$,0.00$,0.00$
"Jan 2022","Monthly: Internet","Monthly","Internet",50.00$,-48.00$,2.00$
"Jan 2022","Monthly: Cellphone","Monthly","Cellphone",100.00$,-96.05$,3.95$
"Jan 2022","Monthly: Groceries","Monthly","Groceries",550.00$,-550.00$,0.00$
"Jan 2022","Monthly: Daycare","Monthly","Daycare",0.00$,0.00$,0.00$
"Jan 2022","Monthly: Life Insurance","Monthly","Life Insurance",0.00$,0.00$,0.00$
"Jan 2022","Cumulative: Fees","Cumulative","Fees",200.35$,-200.35$,0.00$
"Jan 2022","Cumulative: Progeny","Cumulative","Progeny",0.00$,0.00$,0.00$
"Jan 2022","Cumulative: Books & Education","Cumulative","Books & Education",0.00$,0.00$,0.00$
"Jan 2022","Cumulative: Miscellaneous","Cumulative","Miscellaneous",0.00$,0.00$,0.00$
"Jan 2022","Cumulative: Car","Cumulative","Car",450.00$,-292.31$,157.69$
"Jan 2022","Cumulative: Health & Pharmacy","Cumulative","Health & Pharmacy",0.00$,0.00$,0.00$
"Jan 2022","Cumulative: Clothes","Cumulative","Clothes",225.00$,-225.00$,0.00$
"Jan 2022","Cumulative: Eating Out","Cumulative","Eating Out",70.00$,-43.45$,26.55$
"Jan 2022","Cumulative: Fun, Dates & Hobbies","Cumulative","Fun, Dates & Hobbies",150.00$,-15.00$,135.00$
"Jan 2022","Cumulative: Gifts","Cumulative","Gifts",200.00$,-85.39$,114.61$
"Jan 2022","Cumulative: Exercise","Cumulative","Exercise",50.00$,-14.00$,36.00$
"Jan 2022","Cumulative: Home Improvement","Cumulative","Home Improvement",50.00$,-50.00$,0.00$
"Jan 2022","Cumulative: Public Transportation","Cumulative","Public Transportation",50.00$,0.00$,50.00$
"Jan 2022","Cumulative: Bike","Cumulative","Bike",50.00$,0.00$,50.00$
"Jan 2022","Cumulative: Special Splurge","Cumulative","Special Splurge",0.00$,0.00$,0.00$
"Jan 2022","Cumulative: Tim's Choice","Cumulative","Tim's Choice",60.00$,0.00$,475.00$
"Jan 2022","Cumulative: Vivian's Choice","Cumulative","Vivian's Choice",60.00$,0.00$,411.00$
"Jan 2022","Cumulative: Weddings","Cumulative","Weddings",125.00$,0.00$,125.00$
"Jan 2022","Cumulative: Travel","Cumulative","Travel",150.00$,-236.97$,270.03$
"Jan 2022","Tax Deductible: Koala Budget","Tax Deductible","Koala Budget",0.00$,0.00$,0.00$
"Jan 2022","Tax Deductible: Timmy's Work","Tax Deductible","Timmy's Work",0.00$,-197.81$,-197.81$
"Jan 2022","Tax Deductible: Vivian's Work","Tax Deductible","Vivian's Work",0.00$,-104.95$,-104.95$
"Jan 2022","Tax Deductible: Medical","Tax Deductible","Medical",200.00$,-87.99$,1396.31$
"Jan 2022","Tax Deductible: God's Money","Tax Deductible","God's Money",420.00$,-300.94$,119.06$
"Jan 2022","Savings: RESP","Savings","RESP",0.00$,0.00$,0.00$
"Jan 2022","Savings: Retirement","Savings","Retirement",0.00$,0.00$,0.00$
"Jan 2022","Savings: Emergency Fund","Savings","Emergency Fund",7586.67$,0.00$,7586.67$
"Jan 2022","Savings: House","Savings","House",59257.00$,0.00$,59257.00$
"Jan 2022","Savings: Investment Gain/Loss","Savings","Investment Gain/Loss",0.00$,-1478.26$,-1478.26$
"Jan 2022","Savings: Savings Expenses","Savings","Savings Expenses",0.00$,0.00$,0.00$
"Jan 2022","Hidden Categories: Rent","Hidden Categories","Rent",1450.00$,-1450.00$,0.00$
"Jan 2022","Hidden Categories: Hydro","Hidden Categories","Hydro",90.24$,-90.24$,0.00$
"Jan 2022","Hidden Categories: Moving & Home Setup","Hidden Categories","Moving & Home Setup",0.00$,0.00$,0.00$
"Jan 2022","Hidden Categories: Alcohol","Hidden Categories","Alcohol",50.00$,0.00$,50.00$
"Jan 2022","Hidden Categories: Vivian COGS","Hidden Categories","Vivian COGS",0.00$,0.00$,0.00$
"Jan 2022","Hidden Categories: Income Tax and HST","Hidden Categories","Income Tax and HST",520.00$,0.00$,520.00$
"Jan 2022","Hidden Categories: Moving Out Fund","Hidden Categories","Moving Out Fund",10000.00$,0.00$,10000.00$
"Jan 2022","Hidden Categories: Publishing","Hidden Categories","Publishing",6615.00$,0.00$,6615.00$
"Jan 2022","Hidden Categories: Tuition","Hidden Categories","Tuition",2000.00$,0.00$,2000.00$
"Feb 2022","Credit Card Payments: Credit Card (TG)","Credit Card Payments","Credit Card (TG)",2834.63$,-2834.63$,0.00$
"Feb 2022","Credit Card Payments: Reconcile account","Credit Card Payments","Reconcile account",0.00$,0.00$,0.00$
"Feb 2022","Credit Card Payments: BBC Visa","Credit Card Payments","BBC Visa",0.00$,0.00$,0.00$
"Feb 2022","Credit Card Payments: TD Travel Visa","Credit Card Payments","TD Travel Visa",0.00$,0.00$,0.00$
"Feb 2022","Credit Card Payments: Viv's Credit Card (TG)","Credit Card Payments","Viv's Credit Card (TG)",0.00$,0.00$,0.00$
"Feb 2022","Credit Card Payments: WS Credit Card","Credit Card Payments","WS Credit Card",0.00$,0.00$,0.00$
"Feb 2022","Monthly: Amroth House","Monthly","Amroth House",0.00$,0.00$,0.00$
"Feb 2022","Monthly: Internet","Monthly","Internet",50.00$,-52.00$,0.00$
"Feb 2022","Monthly: Cellphone","Monthly","Cellphone",100.00$,-96.05$,7.90$
"Feb 2022","Monthly: Groceries","Monthly","Groceries",550.00$,-550.00$,0.00$
"Feb 2022","Monthly: Daycare","Monthly","Daycare",0.00$,0.00$,0.00$
"Feb 2022","Monthly: Life Insurance","Monthly","Life Insurance",0.00$,0.00$,0.00$
"Feb 2022","Cumulative: Fees","Cumulative","Fees",10.00$,-10.00$,0.00$
"Feb 2022","Cumulative: Progeny","Cumulative","Progeny",0.00$,0.00$,0.00$
"Feb 2022","Cumulative: Books & Education","Cumulative","Books & Education",0.00$,0.00$,0.00$
"Feb 2022","Cumulative: Miscellaneous","Cumulative","Miscellaneous",0.00$,0.00$,0.00$
"Feb 2022","Cumulative: Car","Cumulative","Car",450.00$,-158.12$,449.57$
"Feb 2022","Cumulative: Health & Pharmacy","Cumulative","Health & Pharmacy",0.00$,0.00$,0.00$
"Feb 2022","Cumulative: Clothes","Cumulative","Clothes",225.00$,-87.03$,137.97$
"Feb 2022","Cumulative: Eating Out","Cumulative","Eating Out",70.00$,-49.92$,46.63$
"Feb 2022","Cumulative: Fun, Dates & Hobbies","Cumulative","Fun, Dates & Hobbies",150.00$,-178.49$,106.51$
"Feb 2022","Cumulative: Gifts","Cumulative","Gifts",200.00$,0.00$,314.61$
"Feb 2022","Cumulative: Exercise","Cumulative","Exercise",50.00$,-86.00$,0.00$
"Feb 2022","Cumulative: Home Improvement","Cumulative","Home Improvement",100.00$,-100.00$,0.00$
"Feb 2022","Cumulative: Public Transportation","Cumulative","Public Transportation",50.00$,-3.25$,96.75$
"Feb 2022","Cumulative: Bike","Cumulative","Bike",50.00$,0.00$,100.00$
"Feb 2022","Cumulative: Special Splurge","Cumulative","Special Splurge",0.00$,0.00$,0.00$
"Feb 2022","Cumulative: Tim's Choice","Cumulative","Tim's Choice",60.00$,0.00$,535.00$
"Feb 2022","Cumulative: Vivian's Choice","Cumulative","Vivian's Choice",60.00$,0.00$,471.00$
"Feb 2022","Cumulative: Weddings","Cumulative","Weddings",125.00$,-100.00$,150.00$
"Feb 2022","Cumulative: Travel","Cumulative","Travel",150.00$,-309.68$,110.35$
"Feb 2022","Tax Deductible: Koala Budget","Tax Deductible","Koala Budget",0.00$,0.00$,0.00$
"Feb 2022","Tax Deductible: Timmy's Work","Tax Deductible","Timmy's Work",0.00$,-8.81$,-8.81$
"Feb 2022","Tax Deductible: Vivian's Work","Tax Deductible","Vivian's Work",0.00$,63.14$,63.14$
"Feb 2022","Tax Deductible: Medical","Tax Deductible","Medical",200.00$,-779.91$,816.40$
"Feb 2022","Tax Deductible: God's Money","Tax Deductible","God's Money",420.00$,-359.94$,179.12$
"Feb 2022","Savings: RESP","Savings","RESP",0.00$,0.00$,0.00$
"Feb 2022","Savings: Retirement","Savings","Retirement",0.00$,0.00$,0.00$
"Feb 2022","Savings: Emergency Fund","Savings","Emergency Fund",-4455.26$,0.00$,3131.41$
"Feb 2022","Savings: House","Savings","House",0.00$,0.00$,59257.00$
"Feb 2022","Savings: Investment Gain/Loss","Savings","Investment Gain/Loss",0.00$,-4725.50$,-4725.50$
"Feb 2022","Savings: Savings Expenses","Savings","Savings Expenses",0.00$,0.00$,0.00$
"Feb 2022","Hidden Categories: Rent","Hidden Categories","Rent",1450.00$,-1450.00$,0.00$
"Feb 2022","Hidden Categories: Hydro","Hidden Categories","Hydro",50.00$,-49.31$,0.69$
"Feb 2022","Hidden Categories: Moving & Home Setup","Hidden Categories","Moving & Home Setup",0.00$,0.00$,0.00$
"Feb 2022","Hidden Categories: Alcohol","Hidden Categories","Alcohol",50.00$,0.00$,100.00$
"Feb 2022","Hidden Categories: Vivian COGS","Hidden Categories","Vivian COGS",0.00$,0.00$,0.00$
"Feb 2022","Hidden Categories: Income Tax and HST","Hidden Categories","Income Tax and HST",540.00$,0.00$,1060.00$
"Feb 2022","Hidden Categories: Moving Out Fund","Hidden Categories","Moving Out Fund",0.00$,0.00$,10000.00$
"Feb 2022","Hidden Categories: Publishing","Hidden Categories","Publishing",0.00$,0.00$,6615.00$
"Feb 2022","Hidden Categories: Tuition","Hidden Categories","Tuition",0.00$,0.00$,2000.00$
"Mar 2022","Credit Card Payments: Credit Card (TG)","Credit Card Payments","Credit Card (TG)",-1209.82$,2547.37$,1337.55$
"Mar 2022","Credit Card Payments: Reconcile account","Credit Card Payments","Reconcile account",0.00$,0.00$,0.00$
"Mar 2022","Credit Card Payments: BBC Visa","Credit Card Payments","BBC Visa",0.00$,0.00$,0.00$
"Mar 2022","Credit Card Payments: TD Travel Visa","Credit Card Payments","TD Travel Visa",0.00$,0.00$,0.00$
"Mar 2022","Credit Card Payments: Viv's Credit Card (TG)","Credit Card Payments","Viv's Credit Card (TG)",0.00$,0.00$,0.00$
"Mar 2022","Credit Card Payments: WS Credit Card","Credit Card Payments","WS Credit Card",0.00$,0.00$,0.00$
"Mar 2022","Monthly: Amroth House","Monthly","Amroth House",0.00$,0.00$,0.00$
"Mar 2022","Monthly: Internet","Monthly","Internet",50.00$,-46.81$,3.19$
"Mar 2022","Monthly: Cellphone","Monthly","Cellphone",100.00$,-96.05$,11.85$
"Mar 2022","Monthly: Groceries","Monthly","Groceries",575.00$,-575.00$,0.00$
"Mar 2022","Monthly: Daycare","Monthly","Daycare",0.00$,0.00$,0.00$
"Mar 2022","Monthly: Life Insurance","Monthly","Life Insurance",0.00$,0.00$,0.00$
"Mar 2022","Cumulative: Fees","Cumulative","Fees",10.00$,-16.21$,-6.21$
"Mar 2022","Cumulative: Progeny","Cumulative","Progeny",0.00$,0.00$,0.00$
"Mar 2022","Cumulative: Books & Education","Cumulative","Books & Education",0.00$,0.00$,0.00$
"Mar 2022","Cumulative: Miscellaneous","Cumulative","Miscellaneous",0.00$,0.00$,0.00$
"Mar 2022","Cumulative: Car","Cumulative","Car",450.00$,-158.68$,740.89$
"Mar 2022","Cumulative: Health & Pharmacy","Cumulative","Health & Pharmacy",0.00$,0.00$,0.00$
"Mar 2022","Cumulative: Clothes","Cumulative","Clothes",225.00$,-338.97$,24.00$
"Mar 2022","Cumulative: Eating Out","Cumulative","Eating Out",70.00$,-99.45$,17.18$
"Mar 2022","Cumulative: Fun, Dates & Hobbies","Cumulative","Fun, Dates & Hobbies",150.00$,-34.58$,221.93$
"Mar 2022","Cumulative: Gifts","Cumulative","Gifts",200.00$,0.00$,514.61$
"Mar 2022","Cumulative: Exercise","Cumulative","Exercise",50.00$,-50.00$,0.00$
"Mar 2022","Cumulative: Home Improvement","Cumulative","Home Improvement",200.00$,-436.00$,-236.00$
"Mar 2022","Cumulative: Public Transportation","Cumulative","Public Transportation",50.00$,-50.00$,96.75$
"Mar 2022","Cumulative: Bike","Cumulative","Bike",50.00$,0.00$,150.00$
"Mar 2022","Cumulative: Special Splurge","Cumulative","Special Splurge",0.00$,0.00$,0.00$
"Mar 2022","Cumulative: Tim's Choice","Cumulative","Tim's Choice",60.00$,0.00$,595.00$
"Mar 2022","Cumulative: Vivian's Choice","Cumulative","Vivian's Choice",60.00$,0.00$,531.00$
"Mar 2022","Cumulative: Weddings","Cumulative","Weddings",125.00$,-45.00$,230.00$
"Mar 2022","Cumulative: Travel","Cumulative","Travel",150.00$,0.00$,260.35$
"Mar 2022","Tax Deductible: Koala Budget","Tax Deductible","Koala Budget",0.00$,0.00$,0.00$
"Mar 2022","Tax Deductible: Timmy's Work","Tax Deductible","Timmy's Work",0.00$,-8.81$,-8.81$
"Mar 2022","Tax Deductible: Vivian's Work","Tax Deductible","Vivian's Work",0.00$,202.00$,265.14$
"Mar 2022","Tax Deductible: Medical","Tax Deductible","Medical",200.00$,-139.11$,877.29$
"Mar 2022","Tax Deductible: God's Money","Tax Deductible","God's Money",420.00$,-259.00$,340.12$
"Mar 2022","Savings: RESP","Savings","RESP",0.00$,0.00$,0.00$
"Mar 2022","Savings: Retirement","Savings","Retirement",0.00$,0.00$,0.00$
"Mar 2022","Savings: Emergency Fund","Savings","Emergency Fund",-1761.59$,0.00$,1369.82$
"Mar 2022","Savings: House","Savings","House",0.00$,0.00$,59257.00$
"Mar 2022","Savings: Investment Gain/Loss","Savings","Investment Gain/Loss",0.00$,-228.47$,-228.47$
"Mar 2022","Savings: Savings Expenses","Savings","Savings Expenses",0.00$,0.00$,0.00$
"Mar 2022","Hidden Categories: Rent","Hidden Categories","Rent",1480.00$,-1480.00$,0.00$
"Mar 2022","Hidden Categories: Hydro","Hidden Categories","Hydro",50.00$,-5.61$,45.08$
"Mar 2022","Hidden Categories: Moving & Home Setup","Hidden Categories","Moving & Home Setup",0.00$,0.00$,0.00$
"Mar 2022","Hidden Categories: Alcohol","Hidden Categories","Alcohol",25.00$,0.00$,125.00$
"Mar 2022","Hidden Categories: Vivian COGS","Hidden Categories","Vivian COGS",0.00$,0.00$,0.00$
"Mar 2022","Hidden Categories: Income Tax and HST","Hidden Categories","Income Tax and HST",500.00$,0.00$,1560.00$
"Mar 2022","Hidden Categories: Moving Out Fund","Hidden Categories","Moving Out Fund",250.00$,0.00$,10250.00$
"Mar 2022","Hidden Categories: Publishing","Hidden Categories","Publishing",0.00$,0.00$,6615.00$
"Mar 2022","Hidden Categories: Tuition","Hidden Categories","Tuition",-357.56$,0.00$,1642.44$
"Apr 2022","Credit Card Payments: Credit Card (TG)","Credit Card Payments","Credit Card (TG)",0.00$,574.91$,1912.46$
"Apr 2022","Credit Card Payments: Reconcile account","Credit Card Payments","Reconcile account",0.00$,0.00$,0.00$
"Apr 2022","Credit Card Payments: BBC Visa","Credit Card Payments","BBC Visa",0.00$,0.00$,0.00$
"Apr 2022","Credit Card Payments: TD Travel Visa","Credit Card Payments","TD Travel Visa",0.00$,0.00$,0.00$
"Apr 2022","Credit Card Payments: Viv's Credit Card (TG)","Credit Card Payments","Viv's Credit Card (TG)",0.00$,0.00$,0.00$
"Apr 2022","Credit Card Payments: WS Credit Card","Credit Card Payments","WS Credit Card",0.00$,0.00$,0.00$
"Apr 2022","Monthly: Amroth House","Monthly","Amroth House",0.00$,0.00$,0.00$
"Apr 2022","Monthly: Internet","Monthly","Internet",50.00$,-39.52$,13.67$
"Apr 2022","Monthly: Cellphone","Monthly","Cellphone",100.00$,-102.27$,9.58$
"Apr 2022","Monthly: Groceries","Monthly","Groceries",575.00$,-451.13$,123.87$
"Apr 2022","Monthly: Daycare","Monthly","Daycare",0.00$,0.00$,0.00$
"Apr 2022","Monthly: Life Insurance","Monthly","Life Insurance",0.00$,0.00$,0.00$
"Apr 2022","Cumulative: Fees","Cumulative","Fees",120.00$,-128.32$,-8.32$
"Apr 2022","Cumulative: Progeny","Cumulative","Progeny",0.00$,0.00$,0.00$
"Apr 2022","Cumulative: Books & Education","Cumulative","Books & Education",0.00$,0.00$,0.00$
"Apr 2022","Cumulative: Miscellaneous","Cumulative","Miscellaneous",0.00$,0.00$,0.00$
"Apr 2022","Cumulative: Car","Cumulative","Car",450.00$,-582.97$,607.92$
"Apr 2022","Cumulative: Health & Pharmacy","Cumulative","Health & Pharmacy",0.00$,0.00$,0.00$
"Apr 2022","Cumulative: Clothes","Cumulative","Clothes",225.00$,-150.00$,99.00$
"Apr 2022","Cumulative: Eating Out","Cumulative","Eating Out",70.00$,-63.20$,23.98$
"Apr 2022","Cumulative: Fun, Dates & Hobbies","Cumulative","Fun, Dates & Hobbies",150.00$,-107.35$,264.58$
"Apr 2022","Cumulative: Gifts","Cumulative","Gifts",150.00$,-205.60$,459.01$
"Apr 2022","Cumulative: Exercise","Cumulative","Exercise",50.00$,-50.00$,0.00$
"Apr 2022","Cumulative: Home Improvement","Cumulative","Home Improvement",100.00$,-100.00$,0.00$
"Apr 2022","Cumulative: Public Transportation","Cumulative","Public Transportation",100.00$,-100.00$,96.75$
"Apr 2022","Cumulative: Bike","Cumulative","Bike",50.00$,0.00$,200.00$
"Apr 2022","Cumulative: Special Splurge","Cumulative","Special Splurge",400.00$,-422.61$,-22.61$
"Apr 2022","Cumulative: Tim's Choice","Cumulative","Tim's Choice",60.00$,0.00$,655.00$
"Apr 2022","Cumulative: Vivian's Choice","Cumulative","Vivian's Choice",60.00$,-140.15$,450.85$
"Apr 2022","Cumulative: Weddings","Cumulative","Weddings",125.00$,0.00$,355.00$
"Apr 2022","Cumulative: Travel","Cumulative","Travel",150.00$,-410.35$,0.00$
"Apr 2022","Tax Deductible: Koala Budget","Tax Deductible","Koala Budget",0.00$,0.00$,0.00$
"Apr 2022","Tax Deductible: Timmy's Work","Tax Deductible","Timmy's Work",0.00$,-8.81$,-8.81$
"Apr 2022","Tax Deductible: Vivian's Work","Tax Deductible","Vivian's Work",0.00$,-169.88$,95.26$
"Apr 2022","Tax Deductible: Medical","Tax Deductible","Medical",0.00$,-252.20$,625.09$
"Apr 2022","Tax Deductible: God's Money","Tax Deductible","God's Money",500.00$,-139.00$,701.12$
"Apr 2022","Savings: RESP","Savings","RESP",0.00$,0.00$,0.00$
"Apr 2022","Savings: Retirement","Savings","Retirement",0.00$,0.00$,0.00$
"Apr 2022","Savings: Emergency Fund","Savings","Emergency Fund",0.00$,0.00$,1369.82$
"Apr 2022","Savings: House","Savings","House",0.00$,0.00$,59257.00$
"Apr 2022","Savings: Investment Gain/Loss","Savings","Investment Gain/Loss",0.00$,0.00$,0.00$
"Apr 2022","Savings: Savings Expenses","Savings","Savings Expenses",0.00$,0.00$,0.00$
"Apr 2022","Hidden Categories: Rent","Hidden Categories","Rent",1480.00$,-1480.00$,0.00$
"Apr 2022","Hidden Categories: Hydro","Hidden Categories","Hydro",50.00$,-34.62$,60.46$
"Apr 2022","Hidden Categories: Moving & Home Setup","Hidden Categories","Moving & Home Setup",0.00$,0.00$,0.00$
"Apr 2022","Hidden Categories: Alcohol","Hidden Categories","Alcohol",0.00$,-65.59$,59.41$
"Apr 2022","Hidden Categories: Vivian COGS","Hidden Categories","Vivian COGS",0.00$,0.00$,0.00$
"Apr 2022","Hidden Categories: Income Tax and HST","Hidden Categories","Income Tax and HST",500.00$,-5754.98$,-3694.98$
"Apr 2022","Hidden Categories: Moving Out Fund","Hidden Categories","Moving Out Fund",630.00$,0.00$,10880.00$
"Apr 2022","Hidden Categories: Publishing","Hidden Categories","Publishing",0.00$,0.00$,6615.00$
"Apr 2022","Hidden Categories: Tuition","Hidden Categories","Tuition",0.00$,0.00$,1642.44$
"May 2022","Credit Card Payments: Credit Card (TG)","Credit Card Payments","Credit Card (TG)",0.00$,-887.80$,1024.66$
"May 2022","Credit Card Payments: Reconcile account","Credit Card Payments","Reconcile account",0.00$,0.00$,0.00$
"May 2022","Credit Card Payments: BBC Visa","Credit Card Payments","BBC Visa",0.00$,0.00$,0.00$
"May 2022","Credit Card Payments: TD Travel Visa","Credit Card Payments","TD Travel Visa",0.00$,0.00$,0.00$
"May 2022","Credit Card Payments: Viv's Credit Card (TG)","Credit Card Payments","Viv's Credit Card (TG)",0.00$,0.00$,0.00$
"May 2022","Credit Card Payments: WS Credit Card","Credit Card Payments","WS Credit Card",0.00$,0.00$,0.00$
"May 2022","Monthly: Amroth House","Monthly","Amroth House",0.00$,0.00$,0.00$
"May 2022","Monthly: Internet","Monthly","Internet",75.00$,-82.45$,6.22$
"May 2022","Monthly: Cellphone","Monthly","Cellphone",100.00$,-107.35$,2.23$
"May 2022","Monthly: Groceries","Monthly","Groceries",575.00$,-622.92$,75.95$
"May 2022","Monthly: Daycare","Monthly","Daycare",0.00$,0.00$,0.00$
"May 2022","Monthly: Life Insurance","Monthly","Life Insurance",0.00$,0.00$,0.00$
"May 2022","Cumulative: Fees","Cumulative","Fees",10.00$,-10.00$,0.00$
"May 2022","Cumulative: Progeny","Cumulative","Progeny",0.00$,0.00$,0.00$
"May 2022","Cumulative: Books & Education","Cumulative","Books & Education",0.00$,0.00$,0.00$
"May 2022","Cumulative: Miscellaneous","Cumulative","Miscellaneous",0.00$,0.00$,0.00$
"May 2022","Cumulative: Car","Cumulative","Car",450.00$,-472.42$,585.50$
"May 2022","Cumulative: Health & Pharmacy","Cumulative","Health & Pharmacy",0.00$,0.00$,0.00$
"May 2022","Cumulative: Clothes","Cumulative","Clothes",210.00$,-20.31$,288.69$
"May 2022","Cumulative: Eating Out","Cumulative","Eating Out",70.00$,-93.98$,0.00$
"May 2022","Cumulative: Fun, Dates & Hobbies","Cumulative","Fun, Dates & Hobbies",110.00$,-5.64$,368.94$
"May 2022","Cumulative: Gifts","Cumulative","Gifts",150.00$,-186.69$,422.32$
"May 2022","Cumulative: Exercise","Cumulative","Exercise",50.00$,-121.00$,-71.00$
"May 2022","Cumulative: Home Improvement","Cumulative","Home Improvement",70.00$,-64.15$,5.85$
"May 2022","Cumulative: Public Transportation","Cumulative","Public Transportation",50.00$,0.00$,146.75$
"May 2022","Cumulative: Bike","Cumulative","Bike",50.00$,-135.58$,114.42$
"May 2022","Cumulative: Special Splurge","Cumulative","Special Splurge",0.00$,0.00$,0.00$
"May 2022","Cumulative: Tim's Choice","Cumulative","Tim's Choice",70.00$,0.00$,725.00$
"May 2022","Cumulative: Vivian's Choice","Cumulative","Vivian's Choice",70.00$,0.00$,520.85$
"May 2022","Cumulative: Weddings","Cumulative","Weddings",115.00$,-386.97$,83.03$
"May 2022","Cumulative: Travel","Cumulative","Travel",150.00$,-20.10$,129.90$
"May 2022","Tax Deductible: Koala Budget","Tax Deductible","Koala Budget",0.00$,0.00$,0.00$
"May 2022","Tax Deductible: Timmy's Work","Tax Deductible","Timmy's Work",0.00$,-1.76$,-1.76$
"May 2022","Tax Deductible: Vivian's Work","Tax Deductible","Vivian's Work",0.00$,27.15$,122.41$
"May 2022","Tax Deductible: Medical","Tax Deductible","Medical",200.00$,-441.40$,383.69$
"May 2022","Tax Deductible: God's Money","Tax Deductible","God's Money",580.00$,-552.00$,729.12$
"May 2022","Savings: RESP","Savings","RESP",0.00$,0.00$,0.00$
"May 2022","Savings: Retirement","Savings","Retirement",0.00$,0.00$,0.00$
"May 2022","Savings: Emergency Fund","Savings","Emergency Fund",0.00$,0.00$,1369.82$
"May 2022","Savings: House","Savings","House",-4257.00$,0.00$,55000.00$
"May 2022","Savings: Investment Gain/Loss","Savings","Investment Gain/Loss",0.00$,-4228.09$,-4228.09$
"May 2022","Savings: Savings Expenses","Savings","Savings Expenses",0.00$,0.00$,0.00$
"May 2022","Hidden Categories: Rent","Hidden Categories","Rent",1480.00$,-1480.00$,0.00$
"May 2022","Hidden Categories: Hydro","Hidden Categories","Hydro",70.00$,-102.65$,27.81$
"May 2022","Hidden Categories: Moving & Home Setup","Hidden Categories","Moving & Home Setup",0.00$,0.00$,0.00$
"May 2022","Hidden Categories: Alcohol","Hidden Categories","Alcohol",20.00$,71.00$,150.41$
"May 2022","Hidden Categories: Vivian COGS","Hidden Categories","Vivian COGS",0.00$,0.00$,0.00$
"May 2022","Hidden Categories: Income Tax and HST","Hidden Categories","Income Tax and HST",400.00$,0.00$,400.00$
"May 2022","Hidden Categories: Moving Out Fund","Hidden Categories","Moving Out Fund",500.00$,-84.72$,11295.28$
"May 2022","Hidden Categories: Publishing","Hidden Categories","Publishing",0.00$,0.00$,6615.00$
"May 2022","Hidden Categories: Tuition","Hidden Categories","Tuition",0.00$,0.00$,1642.44$
"Jun 2022","Credit Card Payments: Credit Card (TG)","Credit Card Payments","Credit Card (TG)",0.00$,302.73$,1327.39$
"Jun 2022","Credit Card Payments: Reconcile account","Credit Card Payments","Reconcile account",0.00$,0.00$,0.00$
"Jun 2022","Credit Card Payments: BBC Visa","Credit Card Payments","BBC Visa",0.00$,0.00$,0.00$
"Jun 2022","Credit Card Payments: TD Travel Visa","Credit Card Payments","TD Travel Visa",0.00$,0.00$,0.00$
"Jun 2022","Credit Card Payments: Viv's Credit Card (TG)","Credit Card Payments","Viv's Credit Card (TG)",0.00$,0.00$,0.00$
"Jun 2022","Credit Card Payments: WS Credit Card","Credit Card Payments","WS Credit Card",0.00$,0.00$,0.00$
"Jun 2022","Monthly: Amroth House","Monthly","Amroth House",0.00$,0.00$,0.00$
"Jun 2022","Monthly: Internet","Monthly","Internet",50.00$,-50.82$,5.40$
"Jun 2022","Monthly: Cellphone","Monthly","Cellphone",100.00$,-120.40$,-18.17$
"Jun 2022","Monthly: Groceries","Monthly","Groceries",515.00$,-493.21$,97.74$
"Jun 2022","Monthly: Daycare","Monthly","Daycare",0.00$,0.00$,0.00$
"Jun 2022","Monthly: Life Insurance","Monthly","Life Insurance",0.00$,0.00$,0.00$
"Jun 2022","Cumulative: Fees","Cumulative","Fees",530.00$,-521.01$,8.99$
"Jun 2022","Cumulative: Progeny","Cumulative","Progeny",0.00$,0.00$,0.00$
"Jun 2022","Cumulative: Books & Education","Cumulative","Books & Education",0.00$,0.00$,0.00$
"Jun 2022","Cumulative: Miscellaneous","Cumulative","Miscellaneous",0.00$,0.00$,0.00$
"Jun 2022","Cumulative: Car","Cumulative","Car",450.00$,-805.69$,229.81$
"Jun 2022","Cumulative: Health & Pharmacy","Cumulative","Health & Pharmacy",0.00$,0.00$,0.00$
"Jun 2022","Cumulative: Clothes","Cumulative","Clothes",210.00$,-71.23$,427.46$
"Jun 2022","Cumulative: Eating Out","Cumulative","Eating Out",70.00$,-30.31$,39.69$
"Jun 2022","Cumulative: Fun, Dates & Hobbies","Cumulative","Fun, Dates & Hobbies",50.00$,-61.26$,357.68$
"Jun 2022","Cumulative: Gifts","Cumulative","Gifts",150.00$,-97.70$,474.62$
"Jun 2022","Cumulative: Exercise","Cumulative","Exercise",200.00$,-615.38$,-415.38$
"Jun 2022","Cumulative: Home Improvement","Cumulative","Home Improvement",10.00$,0.00$,15.85$
"Jun 2022","Cumulative: Public Transportation","Cumulative","Public Transportation",0.00$,0.00$,146.75$
"Jun 2022","Cumulative: Bike","Cumulative","Bike",50.00$,-54.21$,110.21$
"Jun 2022","Cumulative: Special Splurge","Cumulative","Special Splurge",0.00$,0.00$,0.00$
"Jun 2022","Cumulative: Tim's Choice","Cumulative","Tim's Choice",80.00$,-20.33$,784.67$
"Jun 2022","Cumulative: Vivian's Choice","Cumulative","Vivian's Choice",80.00$,-56.41$,544.44$
"Jun 2022","Cumulative: Weddings","Cumulative","Weddings",115.00$,84.04$,282.07$
"Jun 2022","Cumulative: Travel","Cumulative","Travel",300.00$,0.00$,429.90$
"Jun 2022","Tax Deductible: Koala Budget","Tax Deductible","Koala Budget",0.00$,0.00$,0.00$
"Jun 2022","Tax Deductible: Timmy's Work","Tax Deductible","Timmy's Work",0.00$,0.00$,0.00$
"Jun 2022","Tax Deductible: Vivian's Work","Tax Deductible","Vivian's Work",0.00$,94.38$,216.79$
"Jun 2022","Tax Deductible: Medical","Tax Deductible","Medical",200.00$,-31.62$,552.07$
"Jun 2022","Tax Deductible: God's Money","Tax Deductible","God's Money",580.00$,-1176.00$,133.12$
"Jun 2022","Savings: RESP","Savings","RESP",0.00$,0.00$,0.00$
"Jun 2022","Savings: Retirement","Savings","Retirement",0.00$,0.00$,0.00$
"Jun 2022","Savings: Emergency Fund","Savings","Emergency Fund",1000.00$,0.00$,2369.82$
"Jun 2022","Savings: House","Savings","House",500.00$,0.00$,55500.00$
"Jun 2022","Savings: Investment Gain/Loss","Savings","Investment Gain/Loss",0.00$,-3856.85$,-3856.85$
"Jun 2022","Savings: Savings Expenses","Savings","Savings Expenses",0.00$,0.00$,0.00$
"Jun 2022","Hidden Categories: Rent","Hidden Categories","Rent",1400.00$,-1363.94$,36.06$
"Jun 2022","Hidden Categories: Hydro","Hidden Categories","Hydro",50.00$,-39.55$,38.26$
"Jun 2022","Hidden Categories: Moving & Home Setup","Hidden Categories","Moving & Home Setup",0.00$,0.00$,0.00$
"Jun 2022","Hidden Categories: Alcohol","Hidden Categories","Alcohol",20.00$,-141.40$,29.01$
"Jun 2022","Hidden Categories: Vivian COGS","Hidden Categories","Vivian COGS",0.00$,0.00$,0.00$
"Jun 2022","Hidden Categories: Income Tax and HST","Hidden Categories","Income Tax and HST",0.00$,0.00$,400.00$
"Jun 2022","Hidden Categories: Moving Out Fund","Hidden Categories","Moving Out Fund",500.00$,-784.11$,11011.17$
"Jun 2022","Hidden Categories: Publishing","Hidden Categories","Publishing",0.00$,0.00$,6615.00$
"Jun 2022","Hidden Categories: Tuition","Hidden Categories","Tuition",171.52$,0.00$,1813.96$
"Jul 2022","Credit Card Payments: Credit Card (TG)","Credit Card Payments","Credit Card (TG)",0.00$,1159.85$,2487.24$
"Jul 2022","Credit Card Payments: Reconcile account","Credit Card Payments","Reconcile account",0.00$,0.00$,0.00$
"Jul 2022","Credit Card Payments: BBC Visa","Credit Card Payments","BBC Visa",0.00$,0.00$,0.00$
"Jul 2022","Credit Card Payments: TD Travel Visa","Credit Card Payments","TD Travel Visa",0.00$,0.00$,0.00$
"Jul 2022","Credit Card Payments: Viv's Credit Card (TG)","Credit Card Payments","Viv's Credit Card (TG)",0.00$,0.00$,0.00$
"Jul 2022","Credit Card Payments: WS Credit Card","Credit Card Payments","WS Credit Card",0.00$,0.00$,0.00$
"Jul 2022","Monthly: Amroth House","Monthly","Amroth House",0.00$,0.00$,0.00$
"Jul 2022","Monthly: Internet","Monthly","Internet",50.00$,-50.82$,4.58$
"Jul 2022","Monthly: Cellphone","Monthly","Cellphone",100.00$,-107.35$,-7.35$
"Jul 2022","Monthly: Groceries","Monthly","Groceries",515.00$,-424.31$,188.43$
"Jul 2022","Monthly: Daycare","Monthly","Daycare",0.00$,0.00$,0.00$
"Jul 2022","Monthly: Life Insurance","Monthly","Life Insurance",0.00$,0.00$,0.00$
"Jul 2022","Cumulative: Fees","Cumulative","Fees",20.00$,-2.00$,26.99$
"Jul 2022","Cumulative: Progeny","Cumulative","Progeny",0.00$,0.00$,0.00$
"Jul 2022","Cumulative: Books & Education","Cumulative","Books & Education",0.00$,0.00$,0.00$
"Jul 2022","Cumulative: Miscellaneous","Cumulative","Miscellaneous",0.00$,0.00$,0.00$
"Jul 2022","Cumulative: Car","Cumulative","Car",450.00$,-184.25$,495.56$
"Jul 2022","Cumulative: Health & Pharmacy","Cumulative","Health & Pharmacy",0.00$,0.00$,0.00$
"Jul 2022","Cumulative: Clothes","Cumulative","Clothes",210.00$,-45.14$,592.32$
"Jul 2022","Cumulative: Eating Out","Cumulative","Eating Out",70.00$,-88.96$,20.73$
"Jul 2022","Cumulative: Fun, Dates & Hobbies","Cumulative","Fun, Dates & Hobbies",50.00$,0.00$,407.68$
"Jul 2022","Cumulative: Gifts","Cumulative","Gifts",150.00$,0.00$,624.62$
"Jul 2022","Cumulative: Exercise","Cumulative","Exercise",200.00$,-24.49$,175.51$
"Jul 2022","Cumulative: Home Improvement","Cumulative","Home Improvement",10.00$,0.00$,25.85$
"Jul 2022","Cumulative: Public Transportation","Cumulative","Public Transportation",0.00$,0.00$,146.75$
"Jul 2022","Cumulative: Bike","Cumulative","Bike",50.00$,0.00$,160.21$
"Jul 2022","Cumulative: Special Splurge","Cumulative","Special Splurge",0.00$,0.00$,0.00$
"Jul 2022","Cumulative: Tim's Choice","Cumulative","Tim's Choice",80.00$,-792.12$,72.55$
"Jul 2022","Cumulative: Vivian's Choice","Cumulative","Vivian's Choice",80.00$,-283.49$,340.95$
"Jul 2022","Cumulative: Weddings","Cumulative","Weddings",115.00$,-286.35$,110.72$
"Jul 2022","Cumulative: Travel","Cumulative","Travel",300.00$,-1064.78$,-334.88$
"Jul 2022","Tax Deductible: Koala Budget","Tax Deductible","Koala Budget",0.00$,0.00$,0.00$
"Jul 2022","Tax Deductible: Timmy's Work","Tax Deductible","Timmy's Work",0.00$,0.00$,0.00$
"Jul 2022","Tax Deductible: Vivian's Work","Tax Deductible","Vivian's Work",0.00$,-690.78$,-473.99$
"Jul 2022","Tax Deductible: Medical","Tax Deductible","Medical",200.00$,-121.73$,630.34$
"Jul 2022","Tax Deductible: God's Money","Tax Deductible","God's Money",520.00$,-276.00$,377.12$
"Jul 2022","Savings: RESP","Savings","RESP",0.00$,0.00$,0.00$
"Jul 2022","Savings: Retirement","Savings","Retirement",0.00$,0.00$,0.00$
"Jul 2022","Savings: Emergency Fund","Savings","Emergency Fund",0.00$,0.00$,2369.82$
"Jul 2022","Savings: House","Savings","House",-1000.00$,0.00$,54500.00$
"Jul 2022","Savings: Investment Gain/Loss","Savings","Investment Gain/Loss",0.00$,0.00$,0.00$
"Jul 2022","Savings: Savings Expenses","Savings","Savings Expenses",0.00$,0.00$,0.00$
"Jul 2022","Hidden Categories: Rent","Hidden Categories","Rent",1400.00$,-1298.02$,138.04$
"Jul 2022","Hidden Categories: Hydro","Hidden Categories","Hydro",50.00$,-41.72$,46.54$
"Jul 2022","Hidden Categories: Moving & Home Setup","Hidden Categories","Moving & Home Setup",0.00$,0.00$,0.00$
"Jul 2022","Hidden Categories: Alcohol","Hidden Categories","Alcohol",20.00$,0.00$,49.01$
"Jul 2022","Hidden Categories: Vivian COGS","Hidden Categories","Vivian COGS",0.00$,-33.89$,-33.89$
"Jul 2022","Hidden Categories: Income Tax and HST","Hidden Categories","Income Tax and HST",0.00$,0.00$,400.00$
"Jul 2022","Hidden Categories: Moving Out Fund","Hidden Categories","Moving Out Fund",0.00$,0.00$,11011.17$
"Jul 2022","Hidden Categories: Publishing","Hidden Categories","Publishing",-600.00$,0.00$,6015.00$
"Jul 2022","Hidden Categories: Tuition","Hidden Categories","Tuition",-1000.58$,0.00$,813.38$
"Aug 2022","Credit Card Payments: Credit Card (TG)","Credit Card Payments","Credit Card (TG)",0.00$,-3526.64$,-1039.40$
"Aug 2022","Credit Card Payments: Reconcile account","Credit Card Payments","Reconcile account",0.00$,0.00$,0.00$
"Aug 2022","Credit Card Payments: BBC Visa","Credit Card Payments","BBC Visa",0.00$,0.00$,0.00$
"Aug 2022","Credit Card Payments: TD Travel Visa","Credit Card Payments","TD Travel Visa",0.00$,0.00$,0.00$
"Aug 2022","Credit Card Payments: Viv's Credit Card (TG)","Credit Card Payments","Viv's Credit Card (TG)",0.00$,0.00$,0.00$
"Aug 2022","Credit Card Payments: WS Credit Card","Credit Card Payments","WS Credit Card",0.00$,0.00$,0.00$
"Aug 2022","Monthly: Amroth House","Monthly","Amroth House",0.00$,0.00$,0.00$
"Aug 2022","Monthly: Internet","Monthly","Internet",52.00$,-50.82$,5.76$
"Aug 2022","Monthly: Cellphone","Monthly","Cellphone",100.00$,-107.97$,-7.97$
"Aug 2022","Monthly: Groceries","Monthly","Groceries",515.00$,-797.77$,-94.34$
"Aug 2022","Monthly: Daycare","Monthly","Daycare",0.00$,0.00$,0.00$
"Aug 2022","Monthly: Life Insurance","Monthly","Life Insurance",0.00$,0.00$,0.00$
"Aug 2022","Cumulative: Fees","Cumulative","Fees",20.00$,0.00$,46.99$
"Aug 2022","Cumulative: Progeny","Cumulative","Progeny",0.00$,0.00$,0.00$
"Aug 2022","Cumulative: Books & Education","Cumulative","Books & Education",0.00$,0.00$,0.00$
"Aug 2022","Cumulative: Miscellaneous","Cumulative","Miscellaneous",0.00$,0.00$,0.00$
"Aug 2022","Cumulative: Car","Cumulative","Car",450.00$,-163.10$,782.46$
"Aug 2022","Cumulative: Health & Pharmacy","Cumulative","Health & Pharmacy",0.00$,0.00$,0.00$
"Aug 2022","Cumulative: Clothes","Cumulative","Clothes",160.00$,-34.65$,717.67$
"Aug 2022","Cumulative: Eating Out","Cumulative","Eating Out",200.00$,-205.53$,15.20$
"Aug 2022","Cumulative: Fun, Dates & Hobbies","Cumulative","Fun, Dates & Hobbies",50.00$,-18.58$,439.10$
"Aug 2022","Cumulative: Gifts","Cumulative","Gifts",150.00$,0.00$,774.62$
"Aug 2022","Cumulative: Exercise","Cumulative","Exercise",150.00$,100.00$,425.51$
"Aug 2022","Cumulative: Home Improvement","Cumulative","Home Improvement",10.00$,-11.87$,23.98$
"Aug 2022","Cumulative: Public Transportation","Cumulative","Public Transportation",50.00$,0.00$,196.75$
"Aug 2022","Cumulative: Bike","Cumulative","Bike",50.00$,0.00$,210.21$
"Aug 2022","Cumulative: Special Splurge","Cumulative","Special Splurge",0.00$,0.00$,0.00$
"Aug 2022","Cumulative: Tim's Choice","Cumulative","Tim's Choice",70.00$,0.00$,142.55$
"Aug 2022","Cumulative: Vivian's Choice","Cumulative","Vivian's Choice",70.00$,0.00$,410.95$
"Aug 2022","Cumulative: Weddings","Cumulative","Weddings",60.00$,-58.02$,112.70$
"Aug 2022","Cumulative: Travel","Cumulative","Travel",200.00$,0.00$,200.00$
"Aug 2022","Tax Deductible: Koala Budget","Tax Deductible","Koala Budget",0.00$,0.00$,0.00$
"Aug 2022","Tax Deductible: Timmy's Work","Tax Deductible","Timmy's Work",0.00$,-67.78$,-67.78$
"Aug 2022","Tax Deductible: Vivian's Work","Tax Deductible","Vivian's Work",0.00$,-21.34$,-21.34$
"Aug 2022","Tax Deductible: Medical","Tax Deductible","Medical",100.00$,-280.30$,450.04$
"Aug 2022","Tax Deductible: God's Money","Tax Deductible","God's Money",520.00$,-416.00$,481.12$
"Aug 2022","Savings: RESP","Savings","RESP",0.00$,0.00$,0.00$
"Aug 2022","Savings: Retirement","Savings","Retirement",0.00$,0.00$,0.00$
"Aug 2022","Savings: Emergency Fund","Savings","Emergency Fund",0.00$,0.00$,2369.82$
"Aug 2022","Savings: House","Savings","House",500.00$,0.00$,55000.00$
"Aug 2022","Savings: Investment Gain/Loss","Savings","Investment Gain/Loss",0.00$,0.00$,0.00$
"Aug 2022","Savings: Savings Expenses","Savings","Savings Expenses",0.00$,0.00$,0.00$
"Aug 2022","Hidden Categories: Rent","Hidden Categories","Rent",3030.00$,-3033.02$,135.02$
"Aug 2022","Hidden Categories: Hydro","Hidden Categories","Hydro",50.00$,-44.77$,51.77$
"Aug 2022","Hidden Categories: Moving & Home Setup","Hidden Categories","Moving & Home Setup",0.00$,0.00$,0.00$
"Aug 2022","Hidden Categories: Alcohol","Hidden Categories","Alcohol",20.00$,0.00$,69.01$
"Aug 2022","Hidden Categories: Vivian COGS","Hidden Categories","Vivian COGS",0.00$,-317.33$,-317.33$
"Aug 2022","Hidden Categories: Income Tax and HST","Hidden Categories","Income Tax and HST",0.00$,0.00$,400.00$
"Aug 2022","Hidden Categories: Moving Out Fund","Hidden Categories","Moving Out Fund",0.00$,-876.81$,10134.36$
"Aug 2022","Hidden Categories: Publishing","Hidden Categories","Publishing",0.00$,0.00$,6015.00$
"Aug 2022","Hidden Categories: Tuition","Hidden Categories","Tuition",0.00$,0.00$,813.38$
"Sep 2022","Credit Card Payments: Credit Card (TG)","Credit Card Payments","Credit Card (TG)",0.00$,688.38$,688.38$
"Sep 2022","Credit Card Payments: Reconcile account","Credit Card Payments","Reconcile account",0.00$,0.00$,0.00$
"Sep 2022","Credit Card Payments: BBC Visa","Credit Card Payments","BBC Visa",0.00$,0.00$,0.00$
"Sep 2022","Credit Card Payments: TD Travel Visa","Credit Card Payments","TD Travel Visa",0.00$,0.00$,0.00$
"Sep 2022","Credit Card Payments: Viv's Credit Card (TG)","Credit Card Payments","Viv's Credit Card (TG)",0.00$,0.00$,0.00$
"Sep 2022","Credit Card Payments: WS Credit Card","Credit Card Payments","WS Credit Card",0.00$,0.00$,0.00$
"Sep 2022","Monthly: Amroth House","Monthly","Amroth House",0.00$,0.00$,0.00$
"Sep 2022","Monthly: Internet","Monthly","Internet",52.00$,-51.35$,6.41$
"Sep 2022","Monthly: Cellphone","Monthly","Cellphone",100.00$,-90.66$,9.34$
"Sep 2022","Monthly: Groceries","Monthly","Groceries",515.00$,-581.24$,-66.24$
"Sep 2022","Monthly: Daycare","Monthly","Daycare",0.00$,0.00$,0.00$
"Sep 2022","Monthly: Life Insurance","Monthly","Life Insurance",0.00$,0.00$,0.00$
"Sep 2022","Cumulative: Fees","Cumulative","Fees",20.00$,0.00$,66.99$
"Sep 2022","Cumulative: Progeny","Cumulative","Progeny",0.00$,0.00$,0.00$
"Sep 2022","Cumulative: Books & Education","Cumulative","Books & Education",0.00$,0.00$,0.00$
"Sep 2022","Cumulative: Miscellaneous","Cumulative","Miscellaneous",0.00$,0.00$,0.00$
"Sep 2022","Cumulative: Car","Cumulative","Car",450.00$,-322.42$,910.04$
"Sep 2022","Cumulative: Health & Pharmacy","Cumulative","Health & Pharmacy",0.00$,0.00$,0.00$
"Sep 2022","Cumulative: Clothes","Cumulative","Clothes",160.00$,-66.55$,811.12$
"Sep 2022","Cumulative: Eating Out","Cumulative","Eating Out",200.00$,-40.63$,174.57$
"Sep 2022","Cumulative: Fun, Dates & Hobbies","Cumulative","Fun, Dates & Hobbies",50.00$,-169.50$,319.60$
"Sep 2022","Cumulative: Gifts","Cumulative","Gifts",150.00$,-65.95$,858.67$
"Sep 2022","Cumulative: Exercise","Cumulative","Exercise",150.00$,-274.08$,301.43$
"Sep 2022","Cumulative: Home Improvement","Cumulative","Home Improvement",0.00$,0.00$,23.98$
"Sep 2022","Cumulative: Public Transportation","Cumulative","Public Transportation",10.00$,-126.00$,80.75$
"Sep 2022","Cumulative: Bike","Cumulative","Bike",50.00$,0.00$,260.21$
"Sep 2022","Cumulative: Special Splurge","Cumulative","Special Splurge",0.00$,0.00$,0.00$
"Sep 2022","Cumulative: Tim's Choice","Cumulative","Tim's Choice",70.00$,0.00$,212.55$
"Sep 2022","Cumulative: Vivian's Choice","Cumulative","Vivian's Choice",70.00$,-247.39$,233.56$
"Sep 2022","Cumulative: Weddings","Cumulative","Weddings",180.00$,-258.75$,33.95$
"Sep 2022","Cumulative: Travel","Cumulative","Travel",200.00$,-328.85$,71.15$
"Sep 2022","Tax Deductible: Koala Budget","Tax Deductible","Koala Budget",0.00$,0.00$,0.00$
"Sep 2022","Tax Deductible: Timmy's Work","Tax Deductible","Timmy's Work",0.00$,0.00$,0.00$
"Sep 2022","Tax Deductible: Vivian's Work","Tax Deductible","Vivian's Work",0.00$,155.77$,155.77$
"Sep 2022","Tax Deductible: Medical","Tax Deductible","Medical",100.00$,277.01$,827.05$
"Sep 2022","Tax Deductible: God's Money","Tax Deductible","God's Money",520.00$,-472.00$,529.12$
"Sep 2022","Savings: RESP","Savings","RESP",0.00$,0.00$,0.00$
"Sep 2022","Savings: Retirement","Savings","Retirement",0.00$,0.00$,0.00$
"Sep 2022","Savings: Emergency Fund","Savings","Emergency Fund",0.00$,0.00$,2369.82$
"Sep 2022","Savings: House","Savings","House",500.00$,0.00$,55500.00$
"Sep 2022","Savings: Investment Gain/Loss","Savings","Investment Gain/Loss",0.00$,2330.72$,2330.72$
"Sep 2022","Savings: Savings Expenses","Savings","Savings Expenses",0.00$,0.00$,0.00$
"Sep 2022","Hidden Categories: Rent","Hidden Categories","Rent",0.00$,-33.02$,102.00$
"Sep 2022","Hidden Categories: Hydro","Hidden Categories","Hydro",50.00$,-49.83$,51.94$
"Sep 2022","Hidden Categories: Moving & Home Setup","Hidden Categories","Moving & Home Setup",0.00$,0.00$,0.00$
"Sep 2022","Hidden Categories: Alcohol","Hidden Categories","Alcohol",20.00$,-20.00$,69.01$
"Sep 2022","Hidden Categories: Vivian COGS","Hidden Categories","Vivian COGS",0.00$,0.00$,0.00$
"Sep 2022","Hidden Categories: Income Tax and HST","Hidden Categories","Income Tax and HST",0.00$,0.00$,400.00$
"Sep 2022","Hidden Categories: Moving Out Fund","Hidden Categories","Moving Out Fund",0.00$,-1198.27$,8936.09$
"Sep 2022","Hidden Categories: Publishing","Hidden Categories","Publishing",0.00$,0.00$,6015.00$
"Sep 2022","Hidden Categories: Tuition","Hidden Categories","Tuition",0.00$,0.00$,813.38$
"Oct 2022","Credit Card Payments: Credit Card (TG)","Credit Card Payments","Credit Card (TG)",0.00$,-1864.90$,-1176.52$
"Oct 2022","Credit Card Payments: Reconcile account","Credit Card Payments","Reconcile account",0.00$,0.00$,0.00$
"Oct 2022","Credit Card Payments: BBC Visa","Credit Card Payments","BBC Visa",0.00$,191.17$,191.17$
"Oct 2022","Credit Card Payments: TD Travel Visa","Credit Card Payments","TD Travel Visa",0.00$,0.00$,0.00$
"Oct 2022","Credit Card Payments: Viv's Credit Card (TG)","Credit Card Payments","Viv's Credit Card (TG)",0.00$,0.00$,0.00$
"Oct 2022","Credit Card Payments: WS Credit Card","Credit Card Payments","WS Credit Card",0.00$,0.00$,0.00$
"Oct 2022","Monthly: Amroth House","Monthly","Amroth House",0.00$,0.00$,0.00$
"Oct 2022","Monthly: Internet","Monthly","Internet",52.00$,-56.44$,1.97$
"Oct 2022","Monthly: Cellphone","Monthly","Cellphone",100.00$,-107.35$,1.99$
"Oct 2022","Monthly: Groceries","Monthly","Groceries",550.00$,-594.59$,-44.59$
"Oct 2022","Monthly: Daycare","Monthly","Daycare",0.00$,0.00$,0.00$
"Oct 2022","Monthly: Life Insurance","Monthly","Life Insurance",0.00$,0.00$,0.00$
"Oct 2022","Cumulative: Fees","Cumulative","Fees",0.00$,0.00$,66.99$
"Oct 2022","Cumulative: Progeny","Cumulative","Progeny",0.00$,0.00$,0.00$
"Oct 2022","Cumulative: Books & Education","Cumulative","Books & Education",0.00$,0.00$,0.00$
"Oct 2022","Cumulative: Miscellaneous","Cumulative","Miscellaneous",0.00$,0.00$,0.00$
"Oct 2022","Cumulative: Car","Cumulative","Car",450.00$,-388.17$,971.87$
"Oct 2022","Cumulative: Health & Pharmacy","Cumulative","Health & Pharmacy",0.00$,0.00$,0.00$
"Oct 2022","Cumulative: Clothes","Cumulative","Clothes",50.00$,-437.31$,423.81$
"Oct 2022","Cumulative: Eating Out","Cumulative","Eating Out",70.00$,-110.05$,134.52$
"Oct 2022","Cumulative: Fun, Dates & Hobbies","Cumulative","Fun, Dates & Hobbies",0.00$,-85.64$,233.96$
"Oct 2022","Cumulative: Gifts","Cumulative","Gifts",125.00$,-92.00$,891.67$
"Oct 2022","Cumulative: Exercise","Cumulative","Exercise",125.00$,-195.07$,231.36$
"Oct 2022","Cumulative: Home Improvement","Cumulative","Home Improvement",75.00$,-60.00$,38.98$
"Oct 2022","Cumulative: Public Transportation","Cumulative","Public Transportation",10.00$,-100.00$,-9.25$
"Oct 2022","Cumulative: Bike","Cumulative","Bike",0.00$,-180.74$,79.47$
"Oct 2022","Cumulative: Special Splurge","Cumulative","Special Splurge",0.00$,-500.00$,-500.00$
"Oct 2022","Cumulative: Tim's Choice","Cumulative","Tim's Choice",70.00$,-20.33$,262.22$
"Oct 2022","Cumulative: Vivian's Choice","Cumulative","Vivian's Choice",70.00$,0.00$,303.56$
"Oct 2022","Cumulative: Weddings","Cumulative","Weddings",0.00$,-6.06$,27.89$
"Oct 2022","Cumulative: Travel","Cumulative","Travel",150.00$,0.00$,221.15$
"Oct 2022","Tax Deductible: Koala Budget","Tax Deductible","Koala Budget",0.00$,0.00$,0.00$
"Oct 2022","Tax Deductible: Timmy's Work","Tax Deductible","Timmy's Work",0.00$,308.83$,308.83$
"Oct 2022","Tax Deductible: Vivian's Work","Tax Deductible","Vivian's Work",0.00$,-133.20$,22.57$
"Oct 2022","Tax Deductible: Medical","Tax Deductible","Medical",200.00$,-801.71$,225.34$
"Oct 2022","Tax Deductible: God's Money","Tax Deductible","God's Money",450.00$,-534.31$,444.81$
"Oct 2022","Savings: RESP","Savings","RESP",0.00$,0.00$,0.00$
"Oct 2022","Savings: Retirement","Savings","Retirement",0.00$,0.00$,0.00$
"Oct 2022","Savings: Emergency Fund","Savings","Emergency Fund",2000.00$,0.00$,4369.82$
"Oct 2022","Savings: House","Savings","House",2841.41$,0.00$,58341.41$
"Oct 2022","Savings: Investment Gain/Loss","Savings","Investment Gain/Loss",0.00$,-1621.47$,709.25$
"Oct 2022","Savings: Savings Expenses","Savings","Savings Expenses",0.00$,0.00$,0.00$
"Oct 2022","Hidden Categories: Rent","Hidden Categories","Rent",1600.00$,-1633.92$,68.08$
"Oct 2022","Hidden Categories: Hydro","Hidden Categories","Hydro",50.00$,-98.07$,3.87$
"Oct 2022","Hidden Categories: Moving & Home Setup","Hidden Categories","Moving & Home Setup",0.00$,0.00$,0.00$
"Oct 2022","Hidden Categories: Alcohol","Hidden Categories","Alcohol",0.00$,-69.15$,-0.14$
"Oct 2022","Hidden Categories: Vivian COGS","Hidden Categories","Vivian COGS",0.00$,0.00$,0.00$
"Oct 2022","Hidden Categories: Income Tax and HST","Hidden Categories","Income Tax and HST",0.00$,0.00$,400.00$
"Oct 2022","Hidden Categories: Moving Out Fund","Hidden Categories","Moving Out Fund",-7839.49$,-688.78$,407.82$
"Oct 2022","Hidden Categories: Publishing","Hidden Categories","Publishing",0.00$,0.00$,6015.00$
"Oct 2022","Hidden Categories: Tuition","Hidden Categories","Tuition",0.00$,0.00$,813.38$
"Nov 2022","Credit Card Payments: Credit Card (TG)","Credit Card Payments","Credit Card (TG)",0.00$,3192.17$,3192.17$
"Nov 2022","Credit Card Payments: Reconcile account","Credit Card Payments","Reconcile account",0.00$,0.00$,0.00$
"Nov 2022","Credit Card Payments: BBC Visa","Credit Card Payments","BBC Visa",0.00$,712.82$,903.99$
"Nov 2022","Credit Card Payments: TD Travel Visa","Credit Card Payments","TD Travel Visa",0.00$,0.00$,0.00$
"Nov 2022","Credit Card Payments: Viv's Credit Card (TG)","Credit Card Payments","Viv's Credit Card (TG)",0.00$,0.00$,0.00$
"Nov 2022","Credit Card Payments: WS Credit Card","Credit Card Payments","WS Credit Card",0.00$,0.00$,0.00$
"Nov 2022","Monthly: Amroth House","Monthly","Amroth House",0.00$,0.00$,0.00$
"Nov 2022","Monthly: Internet","Monthly","Internet",56.00$,-56.44$,1.53$
"Nov 2022","Monthly: Cellphone","Monthly","Cellphone",100.00$,-107.35$,-5.36$
"Nov 2022","Monthly: Groceries","Monthly","Groceries",550.00$,-510.81$,39.19$
"Nov 2022","Monthly: Daycare","Monthly","Daycare",0.00$,0.00$,0.00$
"Nov 2022","Monthly: Life Insurance","Monthly","Life Insurance",0.00$,0.00$,0.00$
"Nov 2022","Cumulative: Fees","Cumulative","Fees",0.00$,0.00$,66.99$
"Nov 2022","Cumulative: Progeny","Cumulative","Progeny",0.00$,0.00$,0.00$
"Nov 2022","Cumulative: Books & Education","Cumulative","Books & Education",0.00$,0.00$,0.00$
"Nov 2022","Cumulative: Miscellaneous","Cumulative","Miscellaneous",120.00$,-159.52$,-39.52$
"Nov 2022","Cumulative: Car","Cumulative","Car",450.00$,-337.72$,1084.15$
"Nov 2022","Cumulative: Health & Pharmacy","Cumulative","Health & Pharmacy",0.00$,0.00$,0.00$
"Nov 2022","Cumulative: Clothes","Cumulative","Clothes",25.00$,-117.75$,331.06$
"Nov 2022","Cumulative: Eating Out","Cumulative","Eating Out",70.00$,-60.81$,143.71$
"Nov 2022","Cumulative: Fun, Dates & Hobbies","Cumulative","Fun, Dates & Hobbies",30.00$,-99.77$,164.19$
"Nov 2022","Cumulative: Gifts","Cumulative","Gifts",125.00$,-617.23$,399.44$
"Nov 2022","Cumulative: Exercise","Cumulative","Exercise",125.00$,-127.76$,228.60$
"Nov 2022","Cumulative: Home Improvement","Cumulative","Home Improvement",75.00$,0.00$,113.98$
"Nov 2022","Cumulative: Public Transportation","Cumulative","Public Transportation",100.00$,-100.00$,0.00$
"Nov 2022","Cumulative: Bike","Cumulative","Bike",20.00$,0.00$,99.47$
"Nov 2022","Cumulative: Special Splurge","Cumulative","Special Splurge",0.00$,0.00$,0.00$
"Nov 2022","Cumulative: Tim's Choice","Cumulative","Tim's Choice",75.00$,0.00$,337.22$
"Nov 2022","Cumulative: Vivian's Choice","Cumulative","Vivian's Choice",75.00$,-228.52$,150.04$
"Nov 2022","Cumulative: Weddings","Cumulative","Weddings",0.00$,0.00$,27.89$
"Nov 2022","Cumulative: Travel","Cumulative","Travel",150.00$,-228.51$,142.64$
"Nov 2022","Tax Deductible: Koala Budget","Tax Deductible","Koala Budget",0.00$,0.00$,0.00$
"Nov 2022","Tax Deductible: Timmy's Work","Tax Deductible","Timmy's Work",1200.00$,-1103.53$,405.30$
"Nov 2022","Tax Deductible: Vivian's Work","Tax Deductible","Vivian's Work",0.00$,-54.18$,-31.61$
"Nov 2022","Tax Deductible: Medical","Tax Deductible","Medical",350.00$,-541.25$,34.09$
"Nov 2022","Tax Deductible: God's Money","Tax Deductible","God's Money",450.00$,-266.00$,628.81$
"Nov 2022","Savings: RESP","Savings","RESP",0.00$,0.00$,0.00$
"Nov 2022","Savings: Retirement","Savings","Retirement",0.00$,0.00$,0.00$
"Nov 2022","Savings: Emergency Fund","Savings","Emergency Fund",500.00$,0.00$,4869.82$
"Nov 2022","Savings: House","Savings","House",3288.84$,0.00$,61630.25$
"Nov 2022","Savings: Investment Gain/Loss","Savings","Investment Gain/Loss",0.00$,6746.53$,7455.78$
"Nov 2022","Savings: Savings Expenses","Savings","Savings Expenses",0.00$,0.00$,0.00$
"Nov 2022","Hidden Categories: Rent","Hidden Categories","Rent",1630.00$,-1633.92$,64.16$
"Nov 2022","Hidden Categories: Hydro","Hidden Categories","Hydro",80.00$,-83.57$,0.30$
"Nov 2022","Hidden Categories: Moving & Home Setup","Hidden Categories","Moving & Home Setup",0.00$,0.00$,0.00$
"Nov 2022","Hidden Categories: Alcohol","Hidden Categories","Alcohol",25.00$,0.00$,25.00$
"Nov 2022","Hidden Categories: Vivian COGS","Hidden Categories","Vivian COGS",0.00$,0.00$,0.00$
"Nov 2022","Hidden Categories: Income Tax and HST","Hidden Categories","Income Tax and HST",0.00$,0.00$,400.00$
"Nov 2022","Hidden Categories: Moving Out Fund","Hidden Categories","Moving Out Fund",430.00$,-221.79$,616.03$
"Nov 2022","Hidden Categories: Publishing","Hidden Categories","Publishing",0.00$,0.00$,6015.00$
"Nov 2022","Hidden Categories: Tuition","Hidden Categories","Tuition",0.00$,0.00$,813.38$
"Dec 2022","Credit Card Payments: Credit Card (TG)","Credit Card Payments","Credit Card (TG)",0.00$,-1512.97$,1679.20$
"Dec 2022","Credit Card Payments: Reconcile account","Credit Card Payments","Reconcile account",0.00$,0.00$,0.00$
"Dec 2022","Credit Card Payments: BBC Visa","Credit Card Payments","BBC Visa",0.00$,-385.95$,518.04$
"Dec 2022","Credit Card Payments: TD Travel Visa","Credit Card Payments","TD Travel Visa",0.00$,0.00$,0.00$
"Dec 2022","Credit Card Payments: Viv's Credit Card (TG)","Credit Card Payments","Viv's Credit Card (TG)",0.00$,0.00$,0.00$
"Dec 2022","Credit Card Payments: WS Credit Card","Credit Card Payments","WS Credit Card",0.00$,0.00$,0.00$
"Dec 2022","Monthly: Amroth House","Monthly","Amroth House",0.00$,0.00$,0.00$
"Dec 2022","Monthly: Internet","Monthly","Internet",56.00$,-56.44$,1.09$
"Dec 2022","Monthly: Cellphone","Monthly","Cellphone",107.00$,-107.35$,-0.35$
"Dec 2022","Monthly: Groceries","Monthly","Groceries",550.00$,-645.07$,-55.88$
"Dec 2022","Monthly: Daycare","Monthly","Daycare",0.00$,0.00$,0.00$
"Dec 2022","Monthly: Life Insurance","Monthly","Life Insurance",0.00$,0.00$,0.00$
"Dec 2022","Cumulative: Fees","Cumulative","Fees",0.00$,0.00$,66.99$
"Dec 2022","Cumulative: Progeny","Cumulative","Progeny",0.00$,0.00$,0.00$
"Dec 2022","Cumulative: Books & Education","Cumulative","Books & Education",0.00$,0.00$,0.00$
"Dec 2022","Cumulative: Miscellaneous","Cumulative","Miscellaneous",20.00$,0.00$,20.00$
"Dec 2022","Cumulative: Car","Cumulative","Car",450.00$,-378.91$,1155.24$
"Dec 2022","Cumulative: Health & Pharmacy","Cumulative","Health & Pharmacy",0.00$,0.00$,0.00$
"Dec 2022","Cumulative: Clothes","Cumulative","Clothes",0.00$,-224.87$,106.19$
"Dec 2022","Cumulative: Eating Out","Cumulative","Eating Out",0.00$,-64.81$,78.90$
"Dec 2022","Cumulative: Fun, Dates & Hobbies","Cumulative","Fun, Dates & Hobbies",0.00$,-50.64$,113.55$
"Dec 2022","Cumulative: Gifts","Cumulative","Gifts",125.00$,-189.52$,334.92$
"Dec 2022","Cumulative: Exercise","Cumulative","Exercise",125.00$,-43.20$,310.40$
"Dec 2022","Cumulative: Home Improvement","Cumulative","Home Improvement",50.00$,-39.69$,124.29$
"Dec 2022","Cumulative: Public Transportation","Cumulative","Public Transportation",50.00$,-50.00$,0.00$
"Dec 2022","Cumulative: Bike","Cumulative","Bike",20.00$,0.00$,119.47$
"Dec 2022","Cumulative: Special Splurge","Cumulative","Special Splurge",0.00$,0.00$,0.00$
"Dec 2022","Cumulative: Tim's Choice","Cumulative","Tim's Choice",75.00$,-137.70$,274.52$
"Dec 2022","Cumulative: Vivian's Choice","Cumulative","Vivian's Choice",75.00$,-2.44$,222.60$
"Dec 2022","Cumulative: Weddings","Cumulative","Weddings",0.00$,0.00$,27.89$
"Dec 2022","Cumulative: Travel","Cumulative","Travel",150.00$,0.00$,292.64$
"Dec 2022","Tax Deductible: Koala Budget","Tax Deductible","Koala Budget",0.00$,0.00$,0.00$
"Dec 2022","Tax Deductible: Timmy's Work","Tax Deductible","Timmy's Work",200.00$,-716.95$,-111.65$
"Dec 2022","Tax Deductible: Vivian's Work","Tax Deductible","Vivian's Work",0.00$,250.29$,250.29$
"Dec 2022","Tax Deductible: Medical","Tax Deductible","Medical",50.00$,347.00$,431.09$
"Dec 2022","Tax Deductible: God's Money","Tax Deductible","God's Money",510.00$,-1142.00$,-3.19$
"Dec 2022","Savings: RESP","Savings","RESP",0.00$,0.00$,0.00$
"Dec 2022","Savings: Retirement","Savings","Retirement",0.00$,0.00$,0.00$
"Dec 2022","Savings: Emergency Fund","Savings","Emergency Fund",5130.18$,0.00$,10000.00$
"Dec 2022","Savings: House","Savings","House",4761.70$,0.00$,66391.95$
"Dec 2022","Savings: Investment Gain/Loss","Savings","Investment Gain/Loss",-7455.78$,-801.54$,-801.54$
"Dec 2022","Savings: Savings Expenses","Savings","Savings Expenses",0.00$,0.00$,0.00$
"Dec 2022","Hidden Categories: Rent","Hidden Categories","Rent",1630.00$,-1633.92$,60.24$
"Dec 2022","Hidden Categories: Hydro","Hidden Categories","Hydro",80.00$,-80.55$,-0.25$
"Dec 2022","Hidden Categories: Moving & Home Setup","Hidden Categories","Moving & Home Setup",0.00$,0.00$,0.00$
"Dec 2022","Hidden Categories: Alcohol","Hidden Categories","Alcohol",25.00$,-44.96$,5.04$
"Dec 2022","Hidden Categories: Vivian COGS","Hidden Categories","Vivian COGS",0.00$,0.00$,0.00$
"Dec 2022","Hidden Categories: Income Tax and HST","Hidden Categories","Income Tax and HST",0.00$,0.00$,400.00$
"Dec 2022","Hidden Categories: Moving Out Fund","Hidden Categories","Moving Out Fund",0.00$,0.00$,616.03$
"Dec 2022","Hidden Categories: Publishing","Hidden Categories","Publishing",1000.00$,-150.00$,6865.00$
"Dec 2022","Hidden Categories: Tuition","Hidden Categories","Tuition",-813.38$,0.00$,0.00$
"Jan 2023","Credit Card Payments: Credit Card (TG)","Credit Card Payments","Credit Card (TG)",0.00$,-1608.48$,70.72$
"Jan 2023","Credit Card Payments: Reconcile account","Credit Card Payments","Reconcile account",0.00$,0.00$,0.00$
"Jan 2023","Credit Card Payments: BBC Visa","Credit Card Payments","BBC Visa",0.00$,-782.96$,-264.92$
"Jan 2023","Credit Card Payments: TD Travel Visa","Credit Card Payments","TD Travel Visa",0.00$,0.00$,0.00$
"Jan 2023","Credit Card Payments: Viv's Credit Card (TG)","Credit Card Payments","Viv's Credit Card (TG)",0.00$,0.00$,0.00$
"Jan 2023","Credit Card Payments: WS Credit Card","Credit Card Payments","WS Credit Card",0.00$,0.00$,0.00$
"Jan 2023","Monthly: Amroth House","Monthly","Amroth House",0.00$,0.00$,0.00$
"Jan 2023","Monthly: Internet","Monthly","Internet",56.00$,-62.15$,-5.06$
"Jan 2023","Monthly: Cellphone","Monthly","Cellphone",107.00$,-101.71$,5.29$
"Jan 2023","Monthly: Groceries","Monthly","Groceries",450.00$,-338.61$,111.39$
"Jan 2023","Monthly: Daycare","Monthly","Daycare",0.00$,0.00$,0.00$
"Jan 2023","Monthly: Life Insurance","Monthly","Life Insurance",0.00$,0.00$,0.00$
"Jan 2023","Cumulative: Fees","Cumulative","Fees",0.00$,-53.51$,13.48$
"Jan 2023","Cumulative: Progeny","Cumulative","Progeny",0.00$,0.00$,0.00$
"Jan 2023","Cumulative: Books & Education","Cumulative","Books & Education",40.00$,-39.79$,0.21$
"Jan 2023","Cumulative: Miscellaneous","Cumulative","Miscellaneous",0.00$,0.00$,20.00$
"Jan 2023","Cumulative: Car","Cumulative","Car",300.00$,-229.38$,1225.86$
"Jan 2023","Cumulative: Health & Pharmacy","Cumulative","Health & Pharmacy",0.00$,0.00$,0.00$
"Jan 2023","Cumulative: Clothes","Cumulative","Clothes",-85.00$,0.00$,21.19$
"Jan 2023","Cumulative: Eating Out","Cumulative","Eating Out",0.00$,-20.00$,58.90$
"Jan 2023","Cumulative: Fun, Dates & Hobbies","Cumulative","Fun, Dates & Hobbies",70.00$,-181.79$,1.76$
"Jan 2023","Cumulative: Gifts","Cumulative","Gifts",0.00$,25.19$,360.11$
"Jan 2023","Cumulative: Exercise","Cumulative","Exercise",175.00$,-381.51$,103.89$
"Jan 2023","Cumulative: Home Improvement","Cumulative","Home Improvement",0.00$,17.54$,141.83$
"Jan 2023","Cumulative: Public Transportation","Cumulative","Public Transportation",50.00$,0.00$,50.00$
"Jan 2023","Cumulative: Bike","Cumulative","Bike",20.00$,-50.84$,88.63$
"Jan 2023","Cumulative: Special Splurge","Cumulative","Special Splurge",0.00$,0.00$,0.00$
"Jan 2023","Cumulative: Tim's Choice","Cumulative","Tim's Choice",75.00$,0.00$,349.52$
"Jan 2023","Cumulative: Vivian's Choice","Cumulative","Vivian's Choice",160.00$,-196.08$,186.52$
"Jan 2023","Cumulative: Weddings","Cumulative","Weddings",50.00$,0.00$,77.89$
"Jan 2023","Cumulative: Travel","Cumulative","Travel",100.00$,-196.09$,196.55$
"Jan 2023","Tax Deductible: Koala Budget","Tax Deductible","Koala Budget",0.00$,0.00$,0.00$
"Jan 2023","Tax Deductible: Timmy's Work","Tax Deductible","Timmy's Work",0.00$,-373.94$,-373.94$
"Jan 2023","Tax Deductible: Vivian's Work","Tax Deductible","Vivian's Work",0.00$,-107.49$,142.80$
"Jan 2023","Tax Deductible: Medical","Tax Deductible","Medical",200.00$,-349.04$,282.05$
"Jan 2023","Tax Deductible: God's Money","Tax Deductible","God's Money",570.00$,-426.00$,144.00$
"Jan 2023","Savings: RESP","Savings","RESP",0.00$,0.00$,0.00$
"Jan 2023","Savings: Retirement","Savings","Retirement",0.00$,0.00$,0.00$
"Jan 2023","Savings: Emergency Fund","Savings","Emergency Fund",0.00$,0.00$,10000.00$
"Jan 2023","Savings: House","Savings","House",0.00$,0.00$,66391.95$
"Jan 2023","Savings: Investment Gain/Loss","Savings","Investment Gain/Loss",0.00$,3667.35$,3667.35$
"Jan 2023","Savings: Savings Expenses","Savings","Savings Expenses",0.00$,0.00$,0.00$
"Jan 2023","Hidden Categories: Rent","Hidden Categories","Rent",1630.00$,-1633.92$,56.32$
"Jan 2023","Hidden Categories: Hydro","Hidden Categories","Hydro",80.00$,-80.76$,-0.76$
"Jan 2023","Hidden Categories: Moving & Home Setup","Hidden Categories","Moving & Home Setup",0.00$,0.00$,0.00$
"Jan 2023","Hidden Categories: Alcohol","Hidden Categories","Alcohol",0.00$,0.00$,5.04$
"Jan 2023","Hidden Categories: Vivian COGS","Hidden Categories","Vivian COGS",0.00$,0.00$,0.00$
"Jan 2023","Hidden Categories: Income Tax and HST","Hidden Categories","Income Tax and HST",0.00$,0.00$,400.00$
"Jan 2023","Hidden Categories: Moving Out Fund","Hidden Categories","Moving Out Fund",0.00$,0.00$,616.03$
"Jan 2023","Hidden Categories: Publishing","Hidden Categories","Publishing",0.00$,0.00$,6865.00$
"Jan 2023","Hidden Categories: Tuition","Hidden Categories","Tuition",0.00$,0.00$,0.00$
"Feb 2023","Credit Card Payments: Credit Card (TG)","Credit Card Payments","Credit Card (TG)",0.00$,254.81$,325.53$
"Feb 2023","Credit Card Payments: Reconcile account","Credit Card Payments","Reconcile account",0.00$,0.00$,0.00$
"Feb 2023","Credit Card Payments: BBC Visa","Credit Card Payments","BBC Visa",0.00$,118.92$,118.92$
"Feb 2023","Credit Card Payments: TD Travel Visa","Credit Card Payments","TD Travel Visa",0.00$,0.00$,0.00$
"Feb 2023","Credit Card Payments: Viv's Credit Card (TG)","Credit Card Payments","Viv's Credit Card (TG)",0.00$,0.00$,0.00$
"Feb 2023","Credit Card Payments: WS Credit Card","Credit Card Payments","WS Credit Card",0.00$,0.00$,0.00$
"Feb 2023","Monthly: Amroth House","Monthly","Amroth House",0.00$,0.00$,0.00$
"Feb 2023","Monthly: Internet","Monthly","Internet",56.00$,-45.20$,10.80$
"Feb 2023","Monthly: Cellphone","Monthly","Cellphone",107.00$,-101.71$,10.58$
"Feb 2023","Monthly: Groceries","Monthly","Groceries",1051.35$,-1162.74$,0.00$
"Feb 2023","Monthly: Daycare","Monthly","Daycare",0.00$,0.00$,0.00$
"Feb 2023","Monthly: Life Insurance","Monthly","Life Insurance",0.00$,0.00$,0.00$
"Feb 2023","Cumulative: Fees","Cumulative","Fees",0.00$,-19.19$,-5.71$
"Feb 2023","Cumulative: Progeny","Cumulative","Progeny",0.00$,0.00$,0.00$
"Feb 2023","Cumulative: Books & Education","Cumulative","Books & Education",40.00$,0.00$,40.21$
"Feb 2023","Cumulative: Miscellaneous","Cumulative","Miscellaneous",0.00$,0.00$,20.00$
"Feb 2023","Cumulative: Car","Cumulative","Car",300.00$,-185.28$,1340.58$
"Feb 2023","Cumulative: Health & Pharmacy","Cumulative","Health & Pharmacy",0.00$,0.00$,0.00$
"Feb 2023","Cumulative: Clothes","Cumulative","Clothes",0.00$,-12.18$,9.01$
"Feb 2023","Cumulative: Eating Out","Cumulative","Eating Out",33.96$,-92.86$,0.00$
"Feb 2023","Cumulative: Fun, Dates & Hobbies","Cumulative","Fun, Dates & Hobbies",85.69$,-87.45$,0.00$
"Feb 2023","Cumulative: Gifts","Cumulative","Gifts",0.00$,0.00$,360.11$
"Feb 2023","Cumulative: Exercise","Cumulative","Exercise",100.00$,0.00$,203.89$
"Feb 2023","Cumulative: Home Improvement","Cumulative","Home Improvement",0.00$,-33.86$,107.97$
"Feb 2023","Cumulative: Public Transportation","Cumulative","Public Transportation",100.00$,-150.00$,0.00$
"Feb 2023","Cumulative: Bike","Cumulative","Bike",20.00$,0.00$,108.63$
"Feb 2023","Cumulative: Special Splurge","Cumulative","Special Splurge",0.00$,0.00$,0.00$
"Feb 2023","Cumulative: Tim's Choice","Cumulative","Tim's Choice",75.00$,0.00$,424.52$
"Feb 2023","Cumulative: Vivian's Choice","Cumulative","Vivian's Choice",75.00$,0.00$,261.52$
"Feb 2023","Cumulative: Weddings","Cumulative","Weddings",50.00$,0.00$,127.89$
"Feb 2023","Cumulative: Travel","Cumulative","Travel",100.00$,-149.14$,147.41$
"Feb 2023","Tax Deductible: Koala Budget","Tax Deductible","Koala Budget",0.00$,0.00$,0.00$
"Feb 2023","Tax Deductible: Timmy's Work","Tax Deductible","Timmy's Work",638.42$,-638.42$,0.00$
"Feb 2023","Tax Deductible: Vivian's Work","Tax Deductible","Vivian's Work",516.09$,-658.89$,0.00$
"Feb 2023","Tax Deductible: Medical","Tax Deductible","Medical",203.70$,-485.75$,0.00$
"Feb 2023","Tax Deductible: God's Money","Tax Deductible","God's Money",400.00$,-226.00$,318.00$
"Feb 2023","Savings: RESP","Savings","RESP",0.00$,0.00$,0.00$
"Feb 2023","Savings: Retirement","Savings","Retirement",0.00$,0.00$,0.00$
"Feb 2023","Savings: Emergency Fund","Savings","Emergency Fund",-605.00$,0.00$,9395.00$
"Feb 2023","Savings: House","Savings","House",0.00$,0.00$,66391.95$
"Feb 2023","Savings: Investment Gain/Loss","Savings","Investment Gain/Loss",-2660.69$,-1006.66$,0.00$
"Feb 2023","Savings: Savings Expenses","Savings","Savings Expenses",0.00$,0.00$,0.00$
"Feb 2023","Hidden Categories: Rent","Hidden Categories","Rent",1630.00$,-1633.92$,52.40$
"Feb 2023","Hidden Categories: Hydro","Hidden Categories","Hydro",86.80$,-86.80$,0.00$
"Feb 2023","Hidden Categories: Moving & Home Setup","Hidden Categories","Moving & Home Setup",0.00$,0.00$,0.00$
"Feb 2023","Hidden Categories: Alcohol","Hidden Categories","Alcohol",0.00$,0.00$,5.04$
"Feb 2023","Hidden Categories: Vivian COGS","Hidden Categories","Vivian COGS",0.00$,0.00$,0.00$
"Feb 2023","Hidden Categories: Income Tax and HST","Hidden Categories","Income Tax and HST",0.00$,0.00$,400.00$
"Feb 2023","Hidden Categories: Moving Out Fund","Hidden Categories","Moving Out Fund",0.00$,0.00$,616.03$
"Feb 2023","Hidden Categories: Publishing","Hidden Categories","Publishing",0.00$,-245.69$,6619.31$
"Feb 2023","Hidden Categories: Tuition","Hidden Categories","Tuition",0.00$,0.00$,0.00$
"Mar 2023","Credit Card Payments: Credit Card (TG)","Credit Card Payments","Credit Card (TG)",0.00$,-1272.68$,-947.15$
"Mar 2023","Credit Card Payments: Reconcile account","Credit Card Payments","Reconcile account",0.00$,0.00$,0.00$
"Mar 2023","Credit Card Payments: BBC Visa","Credit Card Payments","BBC Visa",0.00$,472.75$,591.67$
"Mar 2023","Credit Card Payments: TD Travel Visa","Credit Card Payments","TD Travel Visa",0.00$,0.00$,0.00$
"Mar 2023","Credit Card Payments: Viv's Credit Card (TG)","Credit Card Payments","Viv's Credit Card (TG)",0.00$,0.00$,0.00$
"Mar 2023","Credit Card Payments: WS Credit Card","Credit Card Payments","WS Credit Card",0.00$,0.00$,0.00$
"Mar 2023","Monthly: Amroth House","Monthly","Amroth House",0.00$,0.00$,0.00$
"Mar 2023","Monthly: Internet","Monthly","Internet",55.00$,-62.15$,3.65$
"Mar 2023","Monthly: Cellphone","Monthly","Cellphone",107.00$,-101.71$,15.87$
"Mar 2023","Monthly: Groceries","Monthly","Groceries",550.00$,-445.28$,104.72$
"Mar 2023","Monthly: Daycare","Monthly","Daycare",0.00$,0.00$,0.00$
"Mar 2023","Monthly: Life Insurance","Monthly","Life Insurance",0.00$,0.00$,0.00$
"Mar 2023","Cumulative: Fees","Cumulative","Fees",10.00$,20.58$,30.58$
"Mar 2023","Cumulative: Progeny","Cumulative","Progeny",0.00$,0.00$,0.00$
"Mar 2023","Cumulative: Books & Education","Cumulative","Books & Education",195.00$,-235.00$,0.21$
"Mar 2023","Cumulative: Miscellaneous","Cumulative","Miscellaneous",0.00$,0.00$,20.00$
"Mar 2023","Cumulative: Car","Cumulative","Car",300.00$,-1356.51$,284.07$
"Mar 2023","Cumulative: Health & Pharmacy","Cumulative","Health & Pharmacy",0.00$,0.00$,0.00$
"Mar 2023","Cumulative: Clothes","Cumulative","Clothes",450.00$,-426.28$,32.73$
"Mar 2023","Cumulative: Eating Out","Cumulative","Eating Out",60.00$,-37.47$,22.53$
"Mar 2023","Cumulative: Fun, Dates & Hobbies","Cumulative","Fun, Dates & Hobbies",80.00$,-62.82$,17.18$
"Mar 2023","Cumulative: Gifts","Cumulative","Gifts",150.00$,0.00$,510.11$
"Mar 2023","Cumulative: Exercise","Cumulative","Exercise",100.00$,-191.81$,112.08$
"Mar 2023","Cumulative: Home Improvement","Cumulative","Home Improvement",0.00$,-42.94$,65.03$
"Mar 2023","Cumulative: Public Transportation","Cumulative","Public Transportation",100.00$,-50.00$,50.00$
"Mar 2023","Cumulative: Bike","Cumulative","Bike",20.00$,0.00$,128.63$
"Mar 2023","Cumulative: Special Splurge","Cumulative","Special Splurge",0.00$,0.00$,0.00$
"Mar 2023","Cumulative: Tim's Choice","Cumulative","Tim's Choice",95.00$,0.00$,519.52$
"Mar 2023","Cumulative: Vivian's Choice","Cumulative","Vivian's Choice",95.00$,-94.61$,261.91$
"Mar 2023","Cumulative: Weddings","Cumulative","Weddings",50.00$,0.00$,177.89$
"Mar 2023","Cumulative: Travel","Cumulative","Travel",4800.00$,-374.45$,4572.96$
"Mar 2023","Tax Deductible: Koala Budget","Tax Deductible","Koala Budget",0.00$,0.00$,0.00$
"Mar 2023","Tax Deductible: Timmy's Work","Tax Deductible","Timmy's Work",2160.00$,-2157.64$,2.36$
"Mar 2023","Tax Deductible: Vivian's Work","Tax Deductible","Vivian's Work",-491.84$,491.84$,0.00$
"Mar 2023","Tax Deductible: Medical","Tax Deductible","Medical",300.00$,-128.64$,171.36$
"Mar 2023","Tax Deductible: God's Money","Tax Deductible","God's Money",450.00$,-426.00$,342.00$
"Mar 2023","Savings: RESP","Savings","RESP",0.00$,0.00$,0.00$
"Mar 2023","Savings: Retirement","Savings","Retirement",0.00$,0.00$,0.00$
"Mar 2023","Savings: Emergency Fund","Savings","Emergency Fund",0.00$,0.00$,9395.00$
"Mar 2023","Savings: House","Savings","House",-3756.99$,0.00$,62634.96$
"Mar 2023","Savings: Investment Gain/Loss","Savings","Investment Gain/Loss",-446.13$,446.13$,0.00$
"Mar 2023","Savings: Savings Expenses","Savings","Savings Expenses",0.00$,0.00$,0.00$
"Mar 2023","Hidden Categories: Rent","Hidden Categories","Rent",1586.00$,-1633.92$,4.48$
"Mar 2023","Hidden Categories: Hydro","Hidden Categories","Hydro",145.00$,-142.72$,2.28$
"Mar 2023","Hidden Categories: Moving & Home Setup","Hidden Categories","Moving & Home Setup",0.00$,0.00$,0.00$
"Mar 2023","Hidden Categories: Alcohol","Hidden Categories","Alcohol",25.00$,-11.28$,18.76$
"Mar 2023","Hidden Categories: Vivian COGS","Hidden Categories","Vivian COGS",0.00$,0.00$,0.00$
"Mar 2023","Hidden Categories: Income Tax and HST","Hidden Categories","Income Tax and HST",2000.00$,-1000.00$,1400.00$
"Mar 2023","Hidden Categories: Moving Out Fund","Hidden Categories","Moving Out Fund",0.00$,0.00$,616.03$
"Mar 2023","Hidden Categories: Publishing","Hidden Categories","Publishing",0.00$,-100.00$,6519.31$
"Mar 2023","Hidden Categories: Tuition","Hidden Categories","Tuition",0.00$,0.00$,0.00$
"Apr 2023","Credit Card Payments: Credit Card (TG)","Credit Card Payments","Credit Card (TG)",0.00$,1296.66$,1296.66$
"Apr 2023","Credit Card Payments: Reconcile account","Credit Card Payments","Reconcile account",0.00$,0.00$,0.00$
"Apr 2023","Credit Card Payments: BBC Visa","Credit Card Payments","BBC Visa",0.00$,1225.46$,1817.13$
"Apr 2023","Credit Card Payments: TD Travel Visa","Credit Card Payments","TD Travel Visa",0.00$,0.00$,0.00$
"Apr 2023","Credit Card Payments: Viv's Credit Card (TG)","Credit Card Payments","Viv's Credit Card (TG)",0.00$,0.00$,0.00$
"Apr 2023","Credit Card Payments: WS Credit Card","Credit Card Payments","WS Credit Card",0.00$,0.00$,0.00$
"Apr 2023","Monthly: Amroth House","Monthly","Amroth House",0.00$,0.00$,0.00$
"Apr 2023","Monthly: Internet","Monthly","Internet",60.00$,-62.15$,1.50$
"Apr 2023","Monthly: Cellphone","Monthly","Cellphone",95.00$,-109.62$,1.25$
"Apr 2023","Monthly: Groceries","Monthly","Groceries",565.00$,-691.49$,-21.77$
"Apr 2023","Monthly: Daycare","Monthly","Daycare",0.00$,0.00$,0.00$
"Apr 2023","Monthly: Life Insurance","Monthly","Life Insurance",0.00$,0.00$,0.00$
"Apr 2023","Cumulative: Fees","Cumulative","Fees",110.00$,-136.10$,4.48$
"Apr 2023","Cumulative: Progeny","Cumulative","Progeny",0.00$,0.00$,0.00$
"Apr 2023","Cumulative: Books & Education","Cumulative","Books & Education",65.00$,-170.06$,-104.85$
"Apr 2023","Cumulative: Miscellaneous","Cumulative","Miscellaneous",20.00$,0.00$,40.00$
"Apr 2023","Cumulative: Car","Cumulative","Car",350.00$,-207.54$,426.53$
"Apr 2023","Cumulative: Health & Pharmacy","Cumulative","Health & Pharmacy",0.00$,0.00$,0.00$
"Apr 2023","Cumulative: Clothes","Cumulative","Clothes",200.00$,-52.20$,180.53$
"Apr 2023","Cumulative: Eating Out","Cumulative","Eating Out",55.00$,-78.45$,-0.92$
"Apr 2023","Cumulative: Fun, Dates & Hobbies","Cumulative","Fun, Dates & Hobbies",145.00$,-160.43$,1.75$
"Apr 2023","Cumulative: Gifts","Cumulative","Gifts",150.00$,-6.29$,653.82$
"Apr 2023","Cumulative: Exercise","Cumulative","Exercise",100.00$,0.00$,212.08$
"Apr 2023","Cumulative: Home Improvement","Cumulative","Home Improvement",220.00$,-201.65$,83.38$
"Apr 2023","Cumulative: Public Transportation","Cumulative","Public Transportation",50.00$,-120.00$,-20.00$
"Apr 2023","Cumulative: Bike","Cumulative","Bike",20.00$,-45.18$,103.45$
"Apr 2023","Cumulative: Special Splurge","Cumulative","Special Splurge",0.00$,0.00$,0.00$
"Apr 2023","Cumulative: Tim's Choice","Cumulative","Tim's Choice",85.00$,-244.91$,359.61$
"Apr 2023","Cumulative: Vivian's Choice","Cumulative","Vivian's Choice",85.00$,0.00$,346.91$
"Apr 2023","Cumulative: Weddings","Cumulative","Weddings",25.00$,0.00$,202.89$
"Apr 2023","Cumulative: Travel","Cumulative","Travel",0.00$,-153.33$,4419.63$
"Apr 2023","Tax Deductible: Koala Budget","Tax Deductible","Koala Budget",0.00$,0.00$,0.00$
"Apr 2023","Tax Deductible: Timmy's Work","Tax Deductible","Timmy's Work",3500.00$,-3522.61$,-20.25$
"Apr 2023","Tax Deductible: Vivian's Work","Tax Deductible","Vivian's Work",130.00$,-145.22$,-15.22$
"Apr 2023","Tax Deductible: Medical","Tax Deductible","Medical",605.00$,-776.13$,0.23$
"Apr 2023","Tax Deductible: God's Money","Tax Deductible","God's Money",540.00$,-226.00$,656.00$
"Apr 2023","Savings: RESP","Savings","RESP",0.00$,0.00$,0.00$
"Apr 2023","Savings: Retirement","Savings","Retirement",0.00$,0.00$,0.00$
"Apr 2023","Savings: Emergency Fund","Savings","Emergency Fund",0.00$,0.00$,9395.00$
"Apr 2023","Savings: House","Savings","House",140.00$,0.00$,62774.96$
"Apr 2023","Savings: Investment Gain/Loss","Savings","Investment Gain/Loss",-1928.00$,1928.00$,0.00$
"Apr 2023","Savings: Savings Expenses","Savings","Savings Expenses",0.00$,0.00$,0.00$
"Apr 2023","Hidden Categories: Rent","Hidden Categories","Rent",1650.00$,-1633.92$,20.56$
"Apr 2023","Hidden Categories: Hydro","Hidden Categories","Hydro",90.00$,-78.94$,13.34$
"Apr 2023","Hidden Categories: Moving & Home Setup","Hidden Categories","Moving & Home Setup",0.00$,0.00$,0.00$
"Apr 2023","Hidden Categories: Alcohol","Hidden Categories","Alcohol",50.00$,-63.50$,5.26$
"Apr 2023","Hidden Categories: Vivian COGS","Hidden Categories","Vivian COGS",0.00$,0.00$,0.00$
"Apr 2023","Hidden Categories: Income Tax and HST","Hidden Categories","Income Tax and HST",2350.00$,-2512.19$,1237.81$
"Apr 2023","Hidden Categories: Moving Out Fund","Hidden Categories","Moving Out Fund",-380.00$,0.00$,236.03$
"Apr 2023","Hidden Categories: Publishing","Hidden Categories","Publishing",0.00$,-90.00$,6429.31$
"Apr 2023","Hidden Categories: Tuition","Hidden Categories","Tuition",0.00$,0.00$,0.00$
"May 2023","Credit Card Payments: Credit Card (TG)","Credit Card Payments","Credit Card (TG)",0.00$,636.53$,1933.19$
"May 2023","Credit Card Payments: Reconcile account","Credit Card Payments","Reconcile account",0.00$,0.00$,0.00$
"May 2023","Credit Card Payments: BBC Visa","Credit Card Payments","BBC Visa",0.00$,-1693.00$,124.13$
"May 2023","Credit Card Payments: TD Travel Visa","Credit Card Payments","TD Travel Visa",0.00$,0.00$,0.00$
"May 2023","Credit Card Payments: Viv's Credit Card (TG)","Credit Card Payments","Viv's Credit Card (TG)",0.00$,0.00$,0.00$
"May 2023","Credit Card Payments: WS Credit Card","Credit Card Payments","WS Credit Card",0.00$,0.00$,0.00$
"May 2023","Monthly: Amroth House","Monthly","Amroth House",0.00$,0.00$,0.00$
"May 2023","Monthly: Internet","Monthly","Internet",60.65$,-62.15$,0.00$
"May 2023","Monthly: Cellphone","Monthly","Cellphone",110.00$,-109.62$,1.63$
"May 2023","Monthly: Groceries","Monthly","Groceries",580.00$,-522.33$,57.67$
"May 2023","Monthly: Daycare","Monthly","Daycare",0.00$,0.00$,0.00$
"May 2023","Monthly: Life Insurance","Monthly","Life Insurance",0.00$,0.00$,0.00$
"May 2023","Cumulative: Fees","Cumulative","Fees",20.00$,-2.00$,22.48$
"May 2023","Cumulative: Progeny","Cumulative","Progeny",0.00$,0.00$,0.00$
"May 2023","Cumulative: Books & Education","Cumulative","Books & Education",65.00$,-27.11$,37.89$
"May 2023","Cumulative: Miscellaneous","Cumulative","Miscellaneous",20.00$,-31.63$,28.37$
"May 2023","Cumulative: Car","Cumulative","Car",400.00$,-387.52$,439.01$
"May 2023","Cumulative: Health & Pharmacy","Cumulative","Health & Pharmacy",0.00$,0.00$,0.00$
"May 2023","Cumulative: Clothes","Cumulative","Clothes",525.00$,-700.70$,4.83$
"May 2023","Cumulative: Eating Out","Cumulative","Eating Out",115.00$,-96.09$,18.91$
"May 2023","Cumulative: Fun, Dates & Hobbies","Cumulative","Fun, Dates & Hobbies",260.00$,-256.81$,4.94$
"May 2023","Cumulative: Gifts","Cumulative","Gifts",150.00$,-150.06$,653.76$
"May 2023","Cumulative: Exercise","Cumulative","Exercise",50.00$,-142.24$,119.84$
"May 2023","Cumulative: Home Improvement","Cumulative","Home Improvement",40.00$,-118.25$,5.13$
"May 2023","Cumulative: Public Transportation","Cumulative","Public Transportation",50.00$,-50.00$,0.00$
"May 2023","Cumulative: Bike","Cumulative","Bike",40.00$,-141.02$,2.43$
"May 2023","Cumulative: Special Splurge","Cumulative","Special Splurge",0.00$,0.00$,0.00$
"May 2023","Cumulative: Tim's Choice","Cumulative","Tim's Choice",112.00$,-225.99$,245.62$
"May 2023","Cumulative: Vivian's Choice","Cumulative","Vivian's Choice",112.00$,0.00$,458.91$
"May 2023","Cumulative: Weddings","Cumulative","Weddings",25.00$,0.00$,227.89$
"May 2023","Cumulative: Travel","Cumulative","Travel",0.00$,-31.13$,4388.50$
"May 2023","Tax Deductible: Koala Budget","Tax Deductible","Koala Budget",0.00$,0.00$,0.00$
"May 2023","Tax Deductible: Timmy's Work","Tax Deductible","Timmy's Work",638.91$,-638.91$,0.00$
"May 2023","Tax Deductible: Vivian's Work","Tax Deductible","Vivian's Work",883.50$,-883.50$,0.00$
"May 2023","Tax Deductible: Medical","Tax Deductible","Medical",600.00$,-579.49$,20.74$
"May 2023","Tax Deductible: God's Money","Tax Deductible","God's Money",540.00$,-735.95$,460.05$
"May 2023","Savings: RESP","Savings","RESP",0.00$,0.00$,0.00$
"May 2023","Savings: Retirement","Savings","Retirement",0.00$,0.00$,0.00$
"May 2023","Savings: Emergency Fund","Savings","Emergency Fund",0.00$,0.00$,9395.00$
"May 2023","Savings: House","Savings","House",3000.00$,0.00$,65774.96$
"May 2023","Savings: Investment Gain/Loss","Savings","Investment Gain/Loss",2653.90$,-2653.90$,0.00$
"May 2023","Savings: Savings Expenses","Savings","Savings Expenses",0.00$,0.00$,0.00$
"May 2023","Hidden Categories: Rent","Hidden Categories","Rent",1650.00$,-1634.11$,36.45$
"May 2023","Hidden Categories: Hydro","Hidden Categories","Hydro",203.00$,-215.61$,0.73$
"May 2023","Hidden Categories: Moving & Home Setup","Hidden Categories","Moving & Home Setup",0.00$,0.00$,0.00$
"May 2023","Hidden Categories: Alcohol","Hidden Categories","Alcohol",0.00$,0.00$,5.26$
"May 2023","Hidden Categories: Vivian COGS","Hidden Categories","Vivian COGS",0.00$,0.00$,0.00$
"May 2023","Hidden Categories: Income Tax and HST","Hidden Categories","Income Tax and HST",1750.00$,0.00$,2987.81$
"May 2023","Hidden Categories: Moving Out Fund","Hidden Categories","Moving Out Fund",0.00$,0.00$,236.03$
"May 2023","Hidden Categories: Publishing","Hidden Categories","Publishing",0.00$,-40.07$,6389.24$
"May 2023","Hidden Categories: Tuition","Hidden Categories","Tuition",0.00$,0.00$,0.00$
"Jun 2023","Credit Card Payments: Credit Card (TG)","Credit Card Payments","Credit Card (TG)",0.00$,-2123.07$,-189.88$
"Jun 2023","Credit Card Payments: Reconcile account","Credit Card Payments","Reconcile account",0.00$,0.00$,0.00$
"Jun 2023","Credit Card Payments: BBC Visa","Credit Card Payments","BBC Visa",0.00$,-58.37$,65.76$
"Jun 2023","Credit Card Payments: TD Travel Visa","Credit Card Payments","TD Travel Visa",0.00$,0.00$,0.00$
"Jun 2023","Credit Card Payments: Viv's Credit Card (TG)","Credit Card Payments","Viv's Credit Card (TG)",0.00$,0.00$,0.00$
"Jun 2023","Credit Card Payments: WS Credit Card","Credit Card Payments","WS Credit Card",0.00$,0.00$,0.00$
"Jun 2023","Monthly: Amroth House","Monthly","Amroth House",0.00$,0.00$,0.00$
"Jun 2023","Monthly: Internet","Monthly","Internet",80.00$,-56.50$,23.50$
"Jun 2023","Monthly: Cellphone","Monthly","Cellphone",110.00$,-109.62$,2.01$
"Jun 2023","Monthly: Groceries","Monthly","Groceries",550.00$,-604.26$,3.41$
"Jun 2023","Monthly: Daycare","Monthly","Daycare",0.00$,0.00$,0.00$
"Jun 2023","Monthly: Life Insurance","Monthly","Life Insurance",0.00$,0.00$,0.00$
"Jun 2023","Cumulative: Fees","Cumulative","Fees",20.00$,0.00$,42.48$
"Jun 2023","Cumulative: Progeny","Cumulative","Progeny",0.00$,0.00$,0.00$
"Jun 2023","Cumulative: Books & Education","Cumulative","Books & Education",65.00$,-34.66$,68.23$
"Jun 2023","Cumulative: Miscellaneous","Cumulative","Miscellaneous",20.00$,0.00$,48.37$
"Jun 2023","Cumulative: Car","Cumulative","Car",400.00$,-321.57$,517.44$
"Jun 2023","Cumulative: Health & Pharmacy","Cumulative","Health & Pharmacy",0.00$,0.00$,0.00$
"Jun 2023","Cumulative: Clothes","Cumulative","Clothes",75.00$,118.60$,198.43$
"Jun 2023","Cumulative: Eating Out","Cumulative","Eating Out",85.00$,-102.72$,1.19$
"Jun 2023","Cumulative: Fun, Dates & Hobbies","Cumulative","Fun, Dates & Hobbies",330.00$,-283.67$,51.27$
"Jun 2023","Cumulative: Gifts","Cumulative","Gifts",150.00$,-98.89$,704.87$
"Jun 2023","Cumulative: Exercise","Cumulative","Exercise",80.00$,0.00$,199.84$
"Jun 2023","Cumulative: Home Improvement","Cumulative","Home Improvement",100.00$,-56.49$,48.64$
"Jun 2023","Cumulative: Public Transportation","Cumulative","Public Transportation",50.00$,-29.16$,20.84$
"Jun 2023","Cumulative: Bike","Cumulative","Bike",280.00$,-270.12$,12.31$
"Jun 2023","Cumulative: Special Splurge","Cumulative","Special Splurge",0.00$,0.00$,0.00$
"Jun 2023","Cumulative: Tim's Choice","Cumulative","Tim's Choice",90.00$,30.00$,365.62$
"Jun 2023","Cumulative: Vivian's Choice","Cumulative","Vivian's Choice",90.00$,-110.25$,438.66$
"Jun 2023","Cumulative: Weddings","Cumulative","Weddings",50.00$,-169.49$,108.40$
"Jun 2023","Cumulative: Travel","Cumulative","Travel",-130.00$,-409.50$,3849.00$
"Jun 2023","Tax Deductible: Koala Budget","Tax Deductible","Koala Budget",0.00$,0.00$,0.00$
"Jun 2023","Tax Deductible: Timmy's Work","Tax Deductible","Timmy's Work",329.35$,-322.53$,6.82$
"Jun 2023","Tax Deductible: Vivian's Work","Tax Deductible","Vivian's Work",0.00$,954.20$,954.20$
"Jun 2023","Tax Deductible: Medical","Tax Deductible","Medical",-1000.00$,1180.25$,200.99$
"Jun 2023","Tax Deductible: God's Money","Tax Deductible","God's Money",640.00$,-189.00$,911.05$
"Jun 2023","Savings: RESP","Savings","RESP",0.00$,0.00$,0.00$
"Jun 2023","Savings: Retirement","Savings","Retirement",0.00$,0.00$,0.00$
"Jun 2023","Savings: Emergency Fund","Savings","Emergency Fund",0.00$,0.00$,9395.00$
"Jun 2023","Savings: House","Savings","House",1200.00$,0.00$,66974.96$
"Jun 2023","Savings: Investment Gain/Loss","Savings","Investment Gain/Loss",0.00$,1170.62$,1170.62$
"Jun 2023","Savings: Savings Expenses","Savings","Savings Expenses",0.00$,0.00$,0.00$
"Jun 2023","Hidden Categories: Rent","Hidden Categories","Rent",1650.00$,-1636.99$,49.46$
"Jun 2023","Hidden Categories: Hydro","Hidden Categories","Hydro",120.00$,-74.23$,46.50$
"Jun 2023","Hidden Categories: Moving & Home Setup","Hidden Categories","Moving & Home Setup",0.00$,0.00$,0.00$
"Jun 2023","Hidden Categories: Alcohol","Hidden Categories","Alcohol",0.00$,0.00$,5.26$
"Jun 2023","Hidden Categories: Vivian COGS","Hidden Categories","Vivian COGS",0.00$,-1.15$,-1.15$
"Jun 2023","Hidden Categories: Income Tax and HST","Hidden Categories","Income Tax and HST",1600.00$,-4500.00$,87.81$
"Jun 2023","Hidden Categories: Moving Out Fund","Hidden Categories","Moving Out Fund",0.00$,0.00$,236.03$
"Jun 2023","Hidden Categories: Publishing","Hidden Categories","Publishing",0.00$,-322.63$,6066.61$
"Jun 2023","Hidden Categories: Tuition","Hidden Categories","Tuition",0.00$,0.00$,0.00$
"Jul 2023","Credit Card Payments: Credit Card (TG)","Credit Card Payments","Credit Card (TG)",0.00$,-120.49$,-120.49$
"Jul 2023","Credit Card Payments: Reconcile account","Credit Card Payments","Reconcile account",0.00$,0.00$,0.00$
"Jul 2023","Credit Card Payments: BBC Visa","Credit Card Payments","BBC Visa",0.00$,-138.05$,-72.29$
"Jul 2023","Credit Card Payments: TD Travel Visa","Credit Card Payments","TD Travel Visa",0.00$,0.00$,0.00$
"Jul 2023","Credit Card Payments: Viv's Credit Card (TG)","Credit Card Payments","Viv's Credit Card (TG)",0.00$,0.00$,0.00$
"Jul 2023","Credit Card Payments: WS Credit Card","Credit Card Payments","WS Credit Card",0.00$,0.00$,0.00$
"Jul 2023","Monthly: Amroth House","Monthly","Amroth House",0.00$,0.00$,0.00$
"Jul 2023","Monthly: Internet","Monthly","Internet",56.50$,-27.50$,52.50$
"Jul 2023","Monthly: Cellphone","Monthly","Cellphone",110.00$,-109.62$,2.39$
"Jul 2023","Monthly: Groceries","Monthly","Groceries",786.00$,-794.07$,-4.66$
"Jul 2023","Monthly: Daycare","Monthly","Daycare",0.00$,0.00$,0.00$
"Jul 2023","Monthly: Life Insurance","Monthly","Life Insurance",0.00$,0.00$,0.00$
"Jul 2023","Cumulative: Fees","Cumulative","Fees",40.00$,-81.17$,1.31$
"Jul 2023","Cumulative: Progeny","Cumulative","Progeny",0.00$,0.00$,0.00$
"Jul 2023","Cumulative: Books & Education","Cumulative","Books & Education",65.00$,0.00$,133.23$
"Jul 2023","Cumulative: Miscellaneous","Cumulative","Miscellaneous",20.00$,0.00$,68.37$
"Jul 2023","Cumulative: Car","Cumulative","Car",800.00$,-1282.03$,35.41$
"Jul 2023","Cumulative: Health & Pharmacy","Cumulative","Health & Pharmacy",0.00$,0.00$,0.00$
"Jul 2023","Cumulative: Clothes","Cumulative","Clothes",170.00$,-381.75$,-13.32$
"Jul 2023","Cumulative: Eating Out","Cumulative","Eating Out",100.00$,-71.04$,30.15$
"Jul 2023","Cumulative: Fun, Dates & Hobbies","Cumulative","Fun, Dates & Hobbies",200.00$,-65.09$,186.18$
"Jul 2023","Cumulative: Gifts","Cumulative","Gifts",150.00$,-217.72$,637.15$
"Jul 2023","Cumulative: Exercise","Cumulative","Exercise",75.00$,-226.25$,48.59$
"Jul 2023","Cumulative: Home Improvement","Cumulative","Home Improvement",100.00$,-127.49$,21.15$
"Jul 2023","Cumulative: Public Transportation","Cumulative","Public Transportation",50.00$,-150.00$,-79.16$
"Jul 2023","Cumulative: Bike","Cumulative","Bike",150.00$,-39.55$,122.76$
"Jul 2023","Cumulative: Special Splurge","Cumulative","Special Splurge",0.00$,0.00$,0.00$
"Jul 2023","Cumulative: Tim's Choice","Cumulative","Tim's Choice",80.00$,0.00$,445.62$
"Jul 2023","Cumulative: Vivian's Choice","Cumulative","Vivian's Choice",80.00$,-78.33$,440.33$
"Jul 2023","Cumulative: Weddings","Cumulative","Weddings",50.00$,-38.96$,119.44$
"Jul 2023","Cumulative: Travel","Cumulative","Travel",0.00$,-353.77$,3495.23$
"Jul 2023","Tax Deductible: Koala Budget","Tax Deductible","Koala Budget",0.00$,0.00$,0.00$
"Jul 2023","Tax Deductible: Timmy's Work","Tax Deductible","Timmy's Work",0.00$,-251.15$,-244.33$
"Jul 2023","Tax Deductible: Vivian's Work","Tax Deductible","Vivian's Work",0.00$,-436.22$,517.98$
"Jul 2023","Tax Deductible: Medical","Tax Deductible","Medical",530.00$,-1568.71$,-837.72$
"Jul 2023","Tax Deductible: God's Money","Tax Deductible","God's Money",780.00$,-921.00$,770.05$
"Jul 2023","Savings: RESP","Savings","RESP",0.00$,0.00$,0.00$
"Jul 2023","Savings: Retirement","Savings","Retirement",0.00$,0.00$,0.00$
"Jul 2023","Savings: Emergency Fund","Savings","Emergency Fund",0.00$,0.00$,9395.00$
"Jul 2023","Savings: House","Savings","House",3355.04$,0.00$,70330.00$
"Jul 2023","Savings: Investment Gain/Loss","Savings","Investment Gain/Loss",0.00$,1193.80$,2364.42$
"Jul 2023","Savings: Savings Expenses","Savings","Savings Expenses",0.00$,0.00$,0.00$
"Jul 2023","Hidden Categories: Rent","Hidden Categories","Rent",1650.00$,-1636.99$,62.47$
"Jul 2023","Hidden Categories: Hydro","Hidden Categories","Hydro",120.00$,-76.03$,90.47$
"Jul 2023","Hidden Categories: Moving & Home Setup","Hidden Categories","Moving & Home Setup",0.00$,0.00$,0.00$
"Jul 2023","Hidden Categories: Alcohol","Hidden Categories","Alcohol",50.00$,0.00$,55.26$
"Jul 2023","Hidden Categories: Vivian COGS","Hidden Categories","Vivian COGS",0.00$,-60.00$,-60.00$
"Jul 2023","Hidden Categories: Income Tax and HST","Hidden Categories","Income Tax and HST",200.00$,0.00$,287.81$
"Jul 2023","Hidden Categories: Moving Out Fund","Hidden Categories","Moving Out Fund",0.00$,0.00$,236.03$
"Jul 2023","Hidden Categories: Publishing","Hidden Categories","Publishing",0.00$,0.00$,6066.61$
"Jul 2023","Hidden Categories: Tuition","Hidden Categories","Tuition",0.00$,0.00$,0.00$
"Aug 2023","Credit Card Payments: Credit Card (TG)","Credit Card Payments","Credit Card (TG)",0.00$,-2848.14$,-2848.14$
"Aug 2023","Credit Card Payments: Reconcile account","Credit Card Payments","Reconcile account",0.00$,283.25$,283.25$
"Aug 2023","Credit Card Payments: BBC Visa","Credit Card Payments","BBC Visa",0.00$,65.01$,65.01$
"Aug 2023","Credit Card Payments: TD Travel Visa","Credit Card Payments","TD Travel Visa",0.00$,0.00$,0.00$
"Aug 2023","Credit Card Payments: Viv's Credit Card (TG)","Credit Card Payments","Viv's Credit Card (TG)",0.00$,0.00$,0.00$
"Aug 2023","Credit Card Payments: WS Credit Card","Credit Card Payments","WS Credit Card",0.00$,0.00$,0.00$
"Aug 2023","Monthly: Amroth House","Monthly","Amroth House",0.00$,0.00$,0.00$
"Aug 2023","Monthly: Internet","Monthly","Internet",56.50$,-56.50$,52.50$
"Aug 2023","Monthly: Cellphone","Monthly","Cellphone",110.00$,-109.62$,2.77$
"Aug 2023","Monthly: Groceries","Monthly","Groceries",600.00$,-495.56$,104.44$
"Aug 2023","Monthly: Daycare","Monthly","Daycare",0.00$,0.00$,0.00$
"Aug 2023","Monthly: Life Insurance","Monthly","Life Insurance",0.00$,0.00$,0.00$
"Aug 2023","Cumulative: Fees","Cumulative","Fees",20.00$,0.00$,21.31$
"Aug 2023","Cumulative: Progeny","Cumulative","Progeny",0.00$,0.00$,0.00$
"Aug 2023","Cumulative: Books & Education","Cumulative","Books & Education",65.00$,0.00$,198.23$
"Aug 2023","Cumulative: Miscellaneous","Cumulative","Miscellaneous",20.00$,0.00$,88.37$
"Aug 2023","Cumulative: Car","Cumulative","Car",400.00$,-193.73$,241.68$
"Aug 2023","Cumulative: Health & Pharmacy","Cumulative","Health & Pharmacy",0.00$,0.00$,0.00$
"Aug 2023","Cumulative: Clothes","Cumulative","Clothes",150.00$,0.00$,150.00$
"Aug 2023","Cumulative: Eating Out","Cumulative","Eating Out",100.00$,-90.05$,40.10$
"Aug 2023","Cumulative: Fun, Dates & Hobbies","Cumulative","Fun, Dates & Hobbies",200.00$,-79.36$,306.82$
"Aug 2023","Cumulative: Gifts","Cumulative","Gifts",150.00$,-255.93$,531.22$
"Aug 2023","Cumulative: Exercise","Cumulative","Exercise",75.00$,0.00$,123.59$
"Aug 2023","Cumulative: Home Improvement","Cumulative","Home Improvement",100.00$,-6.77$,114.38$
"Aug 2023","Cumulative: Public Transportation","Cumulative","Public Transportation",50.00$,-50.00$,0.00$
"Aug 2023","Cumulative: Bike","Cumulative","Bike",40.00$,-92.20$,70.56$
"Aug 2023","Cumulative: Special Splurge","Cumulative","Special Splurge",0.00$,0.00$,0.00$
"Aug 2023","Cumulative: Tim's Choice","Cumulative","Tim's Choice",80.00$,-84.73$,440.89$
"Aug 2023","Cumulative: Vivian's Choice","Cumulative","Vivian's Choice",80.00$,0.00$,520.33$
"Aug 2023","Cumulative: Weddings","Cumulative","Weddings",50.00$,0.00$,169.44$
"Aug 2023","Cumulative: Travel","Cumulative","Travel",0.00$,-455.51$,3039.72$
"Aug 2023","Tax Deductible: Koala Budget","Tax Deductible","Koala Budget",0.00$,0.00$,0.00$
"Aug 2023","Tax Deductible: Timmy's Work","Tax Deductible","Timmy's Work",351.65$,-351.65$,0.00$
"Aug 2023","Tax Deductible: Vivian's Work","Tax Deductible","Vivian's Work",0.00$,-227.43$,290.55$
"Aug 2023","Tax Deductible: Medical","Tax Deductible","Medical",150.00$,414.57$,564.57$
"Aug 2023","Tax Deductible: God's Money","Tax Deductible","God's Money",660.00$,-1047.00$,383.05$
"Aug 2023","Savings: RESP","Savings","RESP",0.00$,0.00$,0.00$
"Aug 2023","Savings: Retirement","Savings","Retirement",5566.00$,-5566.00$,0.00$
"Aug 2023","Savings: Emergency Fund","Savings","Emergency Fund",0.00$,-9395.00$,0.00$
"Aug 2023","Savings: House","Savings","House",3364.83$,-73694.83$,0.00$
"Aug 2023","Savings: Investment Gain/Loss","Savings","Investment Gain/Loss",-2106.35$,-258.07$,0.00$
"Aug 2023","Savings: Savings Expenses","Savings","Savings Expenses",0.00$,0.00$,0.00$
"Aug 2023","Hidden Categories: Rent","Hidden Categories","Rent",1650.00$,-1636.99$,75.48$
"Aug 2023","Hidden Categories: Hydro","Hidden Categories","Hydro",120.00$,-79.80$,130.67$
"Aug 2023","Hidden Categories: Moving & Home Setup","Hidden Categories","Moving & Home Setup",0.00$,0.00$,0.00$
"Aug 2023","Hidden Categories: Alcohol","Hidden Categories","Alcohol",0.00$,0.00$,55.26$
"Aug 2023","Hidden Categories: Vivian COGS","Hidden Categories","Vivian COGS",0.00$,0.00$,0.00$
"Aug 2023","Hidden Categories: Income Tax and HST","Hidden Categories","Income Tax and HST",200.00$,0.00$,487.81$
"Aug 2023","Hidden Categories: Moving Out Fund","Hidden Categories","Moving Out Fund",0.00$,-236.03$,0.00$
"Aug 2023","Hidden Categories: Publishing","Hidden Categories","Publishing",-1399.00$,-4667.61$,0.00$
"Aug 2023","Hidden Categories: Tuition","Hidden Categories","Tuition",0.00$,0.00$,0.00$
"Sep 2023","Credit Card Payments: Credit Card (TG)","Credit Card Payments","Credit Card (TG)",0.00$,292.90$,292.90$
"Sep 2023","Credit Card Payments: Reconcile account","Credit Card Payments","Reconcile account",0.00$,0.00$,283.25$
"Sep 2023","Credit Card Payments: BBC Visa","Credit Card Payments","BBC Visa",0.00$,-310.42$,-245.41$
"Sep 2023","Credit Card Payments: TD Travel Visa","Credit Card Payments","TD Travel Visa",0.00$,0.00$,0.00$
"Sep 2023","Credit Card Payments: Viv's Credit Card (TG)","Credit Card Payments","Viv's Credit Card (TG)",0.00$,0.00$,0.00$
"Sep 2023","Credit Card Payments: WS Credit Card","Credit Card Payments","WS Credit Card",0.00$,0.00$,0.00$
"Sep 2023","Monthly: Amroth House","Monthly","Amroth House",0.00$,0.00$,0.00$
"Sep 2023","Monthly: Internet","Monthly","Internet",56.50$,-56.50$,52.50$
"Sep 2023","Monthly: Cellphone","Monthly","Cellphone",110.00$,-110.75$,2.02$
"Sep 2023","Monthly: Groceries","Monthly","Groceries",600.00$,-423.75$,280.69$
"Sep 2023","Monthly: Daycare","Monthly","Daycare",0.00$,0.00$,0.00$
"Sep 2023","Monthly: Life Insurance","Monthly","Life Insurance",0.00$,0.00$,0.00$
"Sep 2023","Cumulative: Fees","Cumulative","Fees",20.00$,0.00$,41.31$
"Sep 2023","Cumulative: Progeny","Cumulative","Progeny",0.00$,0.00$,0.00$
"Sep 2023","Cumulative: Books & Education","Cumulative","Books & Education",65.00$,0.00$,263.23$
"Sep 2023","Cumulative: Miscellaneous","Cumulative","Miscellaneous",20.00$,0.00$,108.37$
"Sep 2023","Cumulative: Car","Cumulative","Car",400.00$,-376.25$,265.43$
"Sep 2023","Cumulative: Health & Pharmacy","Cumulative","Health & Pharmacy",0.00$,0.00$,0.00$
"Sep 2023","Cumulative: Clothes","Cumulative","Clothes",362.52$,-512.52$,0.00$
"Sep 2023","Cumulative: Eating Out","Cumulative","Eating Out",100.00$,-125.12$,14.98$
"Sep 2023","Cumulative: Fun, Dates & Hobbies","Cumulative","Fun, Dates & Hobbies",200.00$,-65.26$,441.56$
"Sep 2023","Cumulative: Gifts","Cumulative","Gifts",150.00$,0.00$,681.22$
"Sep 2023","Cumulative: Exercise","Cumulative","Exercise",75.00$,-76.00$,122.59$
"Sep 2023","Cumulative: Home Improvement","Cumulative","Home Improvement",100.00$,-88.11$,126.27$
"Sep 2023","Cumulative: Public Transportation","Cumulative","Public Transportation",50.00$,0.00$,50.00$
"Sep 2023","Cumulative: Bike","Cumulative","Bike",40.00$,-0.34$,110.22$
"Sep 2023","Cumulative: Special Splurge","Cumulative","Special Splurge",0.00$,0.00$,0.00$
"Sep 2023","Cumulative: Tim's Choice","Cumulative","Tim's Choice",60.00$,-12.39$,488.50$
"Sep 2023","Cumulative: Vivian's Choice","Cumulative","Vivian's Choice",60.00$,-220.00$,360.33$
"Sep 2023","Cumulative: Weddings","Cumulative","Weddings",50.00$,0.00$,219.44$
"Sep 2023","Cumulative: Travel","Cumulative","Travel",0.00$,-627.07$,2412.65$
"Sep 2023","Tax Deductible: Koala Budget","Tax Deductible","Koala Budget",0.00$,0.00$,0.00$
"Sep 2023","Tax Deductible: Timmy's Work","Tax Deductible","Timmy's Work",103.85$,-103.85$,0.00$
"Sep 2023","Tax Deductible: Vivian's Work","Tax Deductible","Vivian's Work",202.97$,-493.52$,0.00$
"Sep 2023","Tax Deductible: Medical","Tax Deductible","Medical",0.00$,-472.60$,91.97$
"Sep 2023","Tax Deductible: God's Money","Tax Deductible","God's Money",910.00$,-299.00$,994.05$
"Sep 2023","Savings: RESP","Savings","RESP",0.00$,0.00$,0.00$
"Sep 2023","Savings: Retirement","Savings","Retirement",883.25$,-883.25$,0.00$
"Sep 2023","Savings: Emergency Fund","Savings","Emergency Fund",0.00$,0.00$,0.00$
"Sep 2023","Savings: House","Savings","House",-883.25$,883.25$,0.00$
"Sep 2023","Savings: Investment Gain/Loss","Savings","Investment Gain/Loss",3535.33$,-3535.33$,0.00$
"Sep 2023","Savings: Savings Expenses","Savings","Savings Expenses",0.00$,0.00$,0.00$
"Sep 2023","Hidden Categories: Rent","Hidden Categories","Rent",1650.00$,-1636.99$,88.49$
"Sep 2023","Hidden Categories: Hydro","Hidden Categories","Hydro",120.00$,-152.71$,97.96$
"Sep 2023","Hidden Categories: Moving & Home Setup","Hidden Categories","Moving & Home Setup",0.00$,0.00$,0.00$
"Sep 2023","Hidden Categories: Alcohol","Hidden Categories","Alcohol",-55.26$,0.00$,0.00$
"Sep 2023","Hidden Categories: Vivian COGS","Hidden Categories","Vivian COGS",0.00$,0.00$,0.00$
"Sep 2023","Hidden Categories: Income Tax and HST","Hidden Categories","Income Tax and HST",1400.00$,-1465.79$,422.02$
"Sep 2023","Hidden Categories: Moving Out Fund","Hidden Categories","Moving Out Fund",0.00$,0.00$,0.00$
"Sep 2023","Hidden Categories: Publishing","Hidden Categories","Publishing",0.00$,0.00$,0.00$
"Sep 2023","Hidden Categories: Tuition","Hidden Categories","Tuition",0.00$,0.00$,0.00$
"Oct 2023","Credit Card Payments: Credit Card (TG)","Credit Card Payments","Credit Card (TG)",0.00$,1154.42$,1447.32$
"Oct 2023","Credit Card Payments: Reconcile account","Credit Card Payments","Reconcile account",0.00$,-26.00$,257.25$
"Oct 2023","Credit Card Payments: BBC Visa","Credit Card Payments","BBC Visa",0.00$,213.42$,213.42$
"Oct 2023","Credit Card Payments: TD Travel Visa","Credit Card Payments","TD Travel Visa",0.00$,0.00$,0.00$
"Oct 2023","Credit Card Payments: Viv's Credit Card (TG)","Credit Card Payments","Viv's Credit Card (TG)",0.00$,0.00$,0.00$
"Oct 2023","Credit Card Payments: WS Credit Card","Credit Card Payments","WS Credit Card",0.00$,0.00$,0.00$
"Oct 2023","Monthly: Amroth House","Monthly","Amroth House",0.00$,0.00$,0.00$
"Oct 2023","Monthly: Internet","Monthly","Internet",56.50$,-56.50$,52.50$
"Oct 2023","Monthly: Cellphone","Monthly","Cellphone",110.00$,-109.62$,2.40$
"Oct 2023","Monthly: Groceries","Monthly","Groceries",600.00$,-612.36$,268.33$
"Oct 2023","Monthly: Daycare","Monthly","Daycare",0.00$,0.00$,0.00$
"Oct 2023","Monthly: Life Insurance","Monthly","Life Insurance",0.00$,0.00$,0.00$
"Oct 2023","Cumulative: Fees","Cumulative","Fees",20.00$,0.00$,61.31$
"Oct 2023","Cumulative: Progeny","Cumulative","Progeny",80.00$,0.00$,80.00$
"Oct 2023","Cumulative: Books & Education","Cumulative","Books & Education",205.00$,-338.97$,129.26$
"Oct 2023","Cumulative: Miscellaneous","Cumulative","Miscellaneous",20.00$,-35.75$,92.62$
"Oct 2023","Cumulative: Car","Cumulative","Car",400.00$,-300.32$,365.11$
"Oct 2023","Cumulative: Health & Pharmacy","Cumulative","Health & Pharmacy",0.00$,0.00$,0.00$
"Oct 2023","Cumulative: Clothes","Cumulative","Clothes",200.00$,0.00$,200.00$
"Oct 2023","Cumulative: Eating Out","Cumulative","Eating Out",100.00$,-57.45$,57.53$
"Oct 2023","Cumulative: Fun, Dates & Hobbies","Cumulative","Fun, Dates & Hobbies",200.00$,-284.63$,356.93$
"Oct 2023","Cumulative: Gifts","Cumulative","Gifts",150.00$,-61.52$,769.70$
"Oct 2023","Cumulative: Exercise","Cumulative","Exercise",75.00$,-15.00$,182.59$
"Oct 2023","Cumulative: Home Improvement","Cumulative","Home Improvement",60.00$,-39.46$,146.81$
"Oct 2023","Cumulative: Public Transportation","Cumulative","Public Transportation",50.00$,-103.30$,-3.30$
"Oct 2023","Cumulative: Bike","Cumulative","Bike",40.00$,-142.27$,7.95$
"Oct 2023","Cumulative: Special Splurge","Cumulative","Special Splurge",0.00$,0.00$,0.00$
"Oct 2023","Cumulative: Tim's Choice","Cumulative","Tim's Choice",60.00$,0.00$,548.50$
"Oct 2023","Cumulative: Vivian's Choice","Cumulative","Vivian's Choice",60.00$,0.00$,420.33$
"Oct 2023","Cumulative: Weddings","Cumulative","Weddings",50.00$,0.00$,269.44$
"Oct 2023","Cumulative: Travel","Cumulative","Travel",0.00$,-1505.46$,907.19$
"Oct 2023","Tax Deductible: Koala Budget","Tax Deductible","Koala Budget",0.00$,0.00$,0.00$
"Oct 2023","Tax Deductible: Timmy's Work","Tax Deductible","Timmy's Work",513.67$,-513.67$,0.00$
"Oct 2023","Tax Deductible: Vivian's Work","Tax Deductible","Vivian's Work",479.25$,-479.25$,0.00$
"Oct 2023","Tax Deductible: Medical","Tax Deductible","Medical",0.00$,57.28$,149.25$
"Oct 2023","Tax Deductible: God's Money","Tax Deductible","God's Money",630.00$,-499.00$,1125.05$
"Oct 2023","Savings: RESP","Savings","RESP",0.00$,0.00$,0.00$
"Oct 2023","Savings: Retirement","Savings","Retirement",883.25$,-883.25$,0.00$
"Oct 2023","Savings: Emergency Fund","Savings","Emergency Fund",0.00$,0.00$,0.00$
"Oct 2023","Savings: House","Savings","House",26.00$,-26.00$,0.00$
"Oct 2023","Savings: Investment Gain/Loss","Savings","Investment Gain/Loss",0.00$,0.00$,0.00$
"Oct 2023","Savings: Savings Expenses","Savings","Savings Expenses",0.00$,0.00$,0.00$
"Oct 2023","Hidden Categories: Rent","Hidden Categories","Rent",1650.00$,-1636.99$,101.50$
"Oct 2023","Hidden Categories: Hydro","Hidden Categories","Hydro",120.00$,-59.18$,158.78$
"Oct 2023","Hidden Categories: Moving & Home Setup","Hidden Categories","Moving & Home Setup",0.00$,0.00$,0.00$
"Oct 2023","Hidden Categories: Alcohol","Hidden Categories","Alcohol",0.00$,0.00$,0.00$
"Oct 2023","Hidden Categories: Vivian COGS","Hidden Categories","Vivian COGS",0.00$,0.00$,0.00$
"Oct 2023","Hidden Categories: Income Tax and HST","Hidden Categories","Income Tax and HST",400.00$,-657.50$,164.52$
"Oct 2023","Hidden Categories: Moving Out Fund","Hidden Categories","Moving Out Fund",0.00$,0.00$,0.00$
"Oct 2023","Hidden Categories: Publishing","Hidden Categories","Publishing",0.00$,0.00$,0.00$
"Oct 2023","Hidden Categories: Tuition","Hidden Categories","Tuition",0.00$,0.00$,0.00$
"Nov 2023","Credit Card Payments: Credit Card (TG)","Credit Card Payments","Credit Card (TG)",0.00$,-801.82$,645.50$
"Nov 2023","Credit Card Payments: Reconcile account","Credit Card Payments","Reconcile account",0.00$,-26.00$,231.25$
"Nov 2023","Credit Card Payments: BBC Visa","Credit Card Payments","BBC Visa",0.00$,-221.87$,-8.45$
"Nov 2023","Credit Card Payments: TD Travel Visa","Credit Card Payments","TD Travel Visa",0.00$,0.00$,0.00$
"Nov 2023","Credit Card Payments: Viv's Credit Card (TG)","Credit Card Payments","Viv's Credit Card (TG)",0.00$,0.00$,0.00$
"Nov 2023","Credit Card Payments: WS Credit Card","Credit Card Payments","WS Credit Card",0.00$,0.00$,0.00$
"Nov 2023","Monthly: Amroth House","Monthly","Amroth House",0.00$,0.00$,0.00$
"Nov 2023","Monthly: Internet","Monthly","Internet",56.50$,-56.50$,52.50$
"Nov 2023","Monthly: Cellphone","Monthly","Cellphone",110.00$,-109.62$,2.78$
"Nov 2023","Monthly: Groceries","Monthly","Groceries",600.00$,-745.42$,122.91$
"Nov 2023","Monthly: Daycare","Monthly","Daycare",0.00$,0.00$,0.00$
"Nov 2023","Monthly: Life Insurance","Monthly","Life Insurance",0.00$,0.00$,0.00$
"Nov 2023","Cumulative: Fees","Cumulative","Fees",20.00$,-17.54$,63.77$
"Nov 2023","Cumulative: Progeny","Cumulative","Progeny",170.00$,0.00$,250.00$
"Nov 2023","Cumulative: Books & Education","Cumulative","Books & Education",65.00$,-68.29$,125.97$
"Nov 2023","Cumulative: Miscellaneous","Cumulative","Miscellaneous",20.00$,-7.35$,105.27$
"Nov 2023","Cumulative: Car","Cumulative","Car",400.00$,-365.34$,399.77$
"Nov 2023","Cumulative: Health & Pharmacy","Cumulative","Health & Pharmacy",0.00$,0.00$,0.00$
"Nov 2023","Cumulative: Clothes","Cumulative","Clothes",200.00$,-301.68$,98.32$
"Nov 2023","Cumulative: Eating Out","Cumulative","Eating Out",75.00$,-175.47$,-42.94$
"Nov 2023","Cumulative: Fun, Dates & Hobbies","Cumulative","Fun, Dates & Hobbies",150.00$,-81.16$,425.77$
"Nov 2023","Cumulative: Gifts","Cumulative","Gifts",150.00$,-692.83$,226.87$
"Nov 2023","Cumulative: Exercise","Cumulative","Exercise",75.00$,0.00$,257.59$
"Nov 2023","Cumulative: Home Improvement","Cumulative","Home Improvement",100.00$,0.00$,246.81$
"Nov 2023","Cumulative: Public Transportation","Cumulative","Public Transportation",50.00$,0.00$,50.00$
"Nov 2023","Cumulative: Bike","Cumulative","Bike",40.00$,-4.07$,43.88$
"Nov 2023","Cumulative: Special Splurge","Cumulative","Special Splurge",0.00$,0.00$,0.00$
"Nov 2023","Cumulative: Tim's Choice","Cumulative","Tim's Choice",60.00$,-100.00$,508.50$
"Nov 2023","Cumulative: Vivian's Choice","Cumulative","Vivian's Choice",60.00$,0.00$,480.33$
"Nov 2023","Cumulative: Weddings","Cumulative","Weddings",50.00$,0.00$,319.44$
"Nov 2023","Cumulative: Travel","Cumulative","Travel",0.00$,0.00$,907.19$
"Nov 2023","Tax Deductible: Koala Budget","Tax Deductible","Koala Budget",0.00$,0.00$,0.00$
"Nov 2023","Tax Deductible: Timmy's Work","Tax Deductible","Timmy's Work",183.92$,-183.92$,0.00$
"Nov 2023","Tax Deductible: Vivian's Work","Tax Deductible","Vivian's Work",268.76$,-284.39$,-15.63$
"Nov 2023","Tax Deductible: Medical","Tax Deductible","Medical",200.00$,-151.64$,197.61$
"Nov 2023","Tax Deductible: God's Money","Tax Deductible","God's Money",774.95$,-299.00$,1601.00$
"Nov 2023","Savings: RESP","Savings","RESP",0.00$,0.00$,0.00$
"Nov 2023","Savings: Retirement","Savings","Retirement",883.25$,-883.25$,0.00$
"Nov 2023","Savings: Emergency Fund","Savings","Emergency Fund",0.00$,0.00$,0.00$
"Nov 2023","Savings: House","Savings","House",26.00$,-26.00$,0.00$
"Nov 2023","Savings: Investment Gain/Loss","Savings","Investment Gain/Loss",0.00$,0.00$,0.00$
"Nov 2023","Savings: Savings Expenses","Savings","Savings Expenses",0.00$,0.00$,0.00$
"Nov 2023","Hidden Categories: Rent","Hidden Categories","Rent",1650.00$,-1636.99$,114.51$
"Nov 2023","Hidden Categories: Hydro","Hidden Categories","Hydro",120.00$,-67.95$,210.83$
"Nov 2023","Hidden Categories: Moving & Home Setup","Hidden Categories","Moving & Home Setup",0.00$,0.00$,0.00$
"Nov 2023","Hidden Categories: Alcohol","Hidden Categories","Alcohol",0.00$,0.00$,0.00$
"Nov 2023","Hidden Categories: Vivian COGS","Hidden Categories","Vivian COGS",0.00$,0.00$,0.00$
"Nov 2023","Hidden Categories: Income Tax and HST","Hidden Categories","Income Tax and HST",2000.00$,0.00$,2164.52$
"Nov 2023","Hidden Categories: Moving Out Fund","Hidden Categories","Moving Out Fund",0.00$,0.00$,0.00$
"Nov 2023","Hidden Categories: Publishing","Hidden Categories","Publishing",0.00$,0.00$,0.00$
"Nov 2023","Hidden Categories: Tuition","Hidden Categories","Tuition",0.00$,0.00$,0.00$
"Dec 2023","Credit Card Payments: Credit Card (TG)","Credit Card Payments","Credit Card (TG)",0.00$,3328.74$,3974.24$
"Dec 2023","Credit Card Payments: Reconcile account","Credit Card Payments","Reconcile account",0.00$,-164.00$,67.25$
"Dec 2023","Credit Card Payments: BBC Visa","Credit Card Payments","BBC Visa",0.00$,76.35$,76.35$
"Dec 2023","Credit Card Payments: TD Travel Visa","Credit Card Payments","TD Travel Visa",0.00$,0.00$,0.00$
"Dec 2023","Credit Card Payments: Viv's Credit Card (TG)","Credit Card Payments","Viv's Credit Card (TG)",0.00$,0.00$,0.00$
"Dec 2023","Credit Card Payments: WS Credit Card","Credit Card Payments","WS Credit Card",0.00$,0.00$,0.00$
"Dec 2023","Monthly: Amroth House","Monthly","Amroth House",0.00$,0.00$,0.00$
"Dec 2023","Monthly: Internet","Monthly","Internet",4.00$,-56.50$,0.00$
"Dec 2023","Monthly: Cellphone","Monthly","Cellphone",107.97$,-110.75$,0.00$
"Dec 2023","Monthly: Groceries","Monthly","Groceries",410.00$,-484.83$,48.08$
"Dec 2023","Monthly: Daycare","Monthly","Daycare",0.00$,0.00$,0.00$
"Dec 2023","Monthly: Life Insurance","Monthly","Life Insurance",0.00$,0.00$,0.00$
"Dec 2023","Cumulative: Fees","Cumulative","Fees",20.00$,0.00$,83.77$
"Dec 2023","Cumulative: Progeny","Cumulative","Progeny",170.00$,0.00$,420.00$
"Dec 2023","Cumulative: Books & Education","Cumulative","Books & Education",65.00$,-3.30$,187.67$
"Dec 2023","Cumulative: Miscellaneous","Cumulative","Miscellaneous",20.00$,0.00$,125.27$
"Dec 2023","Cumulative: Car","Cumulative","Car",400.00$,-237.44$,562.33$
"Dec 2023","Cumulative: Health & Pharmacy","Cumulative","Health & Pharmacy",0.00$,0.00$,0.00$
"Dec 2023","Cumulative: Clothes","Cumulative","Clothes",200.00$,-93.74$,204.58$
"Dec 2023","Cumulative: Eating Out","Cumulative","Eating Out",110.00$,-22.42$,87.58$
"Dec 2023","Cumulative: Fun, Dates & Hobbies","Cumulative","Fun, Dates & Hobbies",150.00$,-22.58$,553.19$
"Dec 2023","Cumulative: Gifts","Cumulative","Gifts",150.00$,-108.12$,268.75$
"Dec 2023","Cumulative: Exercise","Cumulative","Exercise",75.00$,0.00$,332.59$
"Dec 2023","Cumulative: Home Improvement","Cumulative","Home Improvement",100.00$,-162.79$,184.02$
"Dec 2023","Cumulative: Public Transportation","Cumulative","Public Transportation",50.00$,0.00$,100.00$
"Dec 2023","Cumulative: Bike","Cumulative","Bike",40.00$,0.00$,83.88$
"Dec 2023","Cumulative: Special Splurge","Cumulative","Special Splurge",0.00$,0.00$,0.00$
"Dec 2023","Cumulative: Tim's Choice","Cumulative","Tim's Choice",60.00$,0.00$,568.50$
"Dec 2023","Cumulative: Vivian's Choice","Cumulative","Vivian's Choice",60.00$,-49.34$,490.99$
"Dec 2023","Cumulative: Weddings","Cumulative","Weddings",50.00$,-249.55$,119.89$
"Dec 2023","Cumulative: Travel","Cumulative","Travel",0.00$,-321.89$,585.30$
"Dec 2023","Tax Deductible: Koala Budget","Tax Deductible","Koala Budget",0.00$,0.00$,0.00$
"Dec 2023","Tax Deductible: Timmy's Work","Tax Deductible","Timmy's Work",3081.73$,-3081.73$,0.00$
"Dec 2023","Tax Deductible: Vivian's Work","Tax Deductible","Vivian's Work",-2064.64$,2064.64$,0.00$
"Dec 2023","Tax Deductible: Medical","Tax Deductible","Medical",265.79$,-463.40$,0.00$
"Dec 2023","Tax Deductible: God's Money","Tax Deductible","God's Money",740.00$,-1358.00$,983.00$
"Dec 2023","Savings: RESP","Savings","RESP",0.00$,0.00$,0.00$
"Dec 2023","Savings: Retirement","Savings","Retirement",883.25$,-883.25$,0.00$
"Dec 2023","Savings: Emergency Fund","Savings","Emergency Fund",0.00$,0.00$,0.00$
"Dec 2023","Savings: House","Savings","House",164.00$,-164.00$,0.00$
"Dec 2023","Savings: Investment Gain/Loss","Savings","Investment Gain/Loss",0.00$,0.00$,0.00$
"Dec 2023","Savings: Savings Expenses","Savings","Savings Expenses",0.00$,0.00$,0.00$
"Dec 2023","Hidden Categories: Rent","Hidden Categories","Rent",1522.48$,-1636.99$,0.00$
"Dec 2023","Hidden Categories: Hydro","Hidden Categories","Hydro",-26.13$,-184.70$,0.00$
"Dec 2023","Hidden Categories: Moving & Home Setup","Hidden Categories","Moving & Home Setup",0.00$,0.00$,0.00$
"Dec 2023","Hidden Categories: Alcohol","Hidden Categories","Alcohol",0.00$,0.00$,0.00$
"Dec 2023","Hidden Categories: Vivian COGS","Hidden Categories","Vivian COGS",-29.00$,29.00$,0.00$
"Dec 2023","Hidden Categories: Income Tax and HST","Hidden Categories","Income Tax and HST",1500.00$,-3000.00$,664.52$
"Dec 2023","Hidden Categories: Moving Out Fund","Hidden Categories","Moving Out Fund",0.00$,0.00$,0.00$
"Dec 2023","Hidden Categories: Publishing","Hidden Categories","Publishing",0.00$,0.00$,0.00$
"Dec 2023","Hidden Categories: Tuition","Hidden Categories","Tuition",0.00$,0.00$,0.00$
"Jan 2024","Credit Card Payments: Credit Card (TG)","Credit Card Payments","Credit Card (TG)",0.00$,-1303.63$,2670.61$
"Jan 2024","Credit Card Payments: Reconcile account","Credit Card Payments","Reconcile account",0.00$,-280.25$,-213.00$
"Jan 2024","Credit Card Payments: BBC Visa","Credit Card Payments","BBC Visa",0.00$,241.30$,317.65$
"Jan 2024","Credit Card Payments: TD Travel Visa","Credit Card Payments","TD Travel Visa",0.00$,0.00$,0.00$
"Jan 2024","Credit Card Payments: Viv's Credit Card (TG)","Credit Card Payments","Viv's Credit Card (TG)",0.00$,0.00$,0.00$
"Jan 2024","Credit Card Payments: WS Credit Card","Credit Card Payments","WS Credit Card",0.00$,0.00$,0.00$
"Jan 2024","Monthly: Amroth House","Monthly","Amroth House",0.00$,0.00$,0.00$
"Jan 2024","Monthly: Internet","Monthly","Internet",56.50$,-56.50$,0.00$
"Jan 2024","Monthly: Cellphone","Monthly","Cellphone",110.00$,-115.27$,-5.27$
"Jan 2024","Monthly: Groceries","Monthly","Groceries",500.00$,-458.79$,89.29$
"Jan 2024","Monthly: Daycare","Monthly","Daycare",0.00$,0.00$,0.00$
"Jan 2024","Monthly: Life Insurance","Monthly","Life Insurance",0.00$,0.00$,0.00$
"Jan 2024","Cumulative: Fees","Cumulative","Fees",20.00$,0.00$,103.77$
"Jan 2024","Cumulative: Progeny","Cumulative","Progeny",170.00$,0.00$,590.00$
"Jan 2024","Cumulative: Books & Education","Cumulative","Books & Education",65.00$,-604.64$,-351.97$
"Jan 2024","Cumulative: Miscellaneous","Cumulative","Miscellaneous",20.00$,0.00$,145.27$
"Jan 2024","Cumulative: Car","Cumulative","Car",400.00$,-247.98$,714.35$
"Jan 2024","Cumulative: Health & Pharmacy","Cumulative","Health & Pharmacy",0.00$,0.00$,0.00$
"Jan 2024","Cumulative: Clothes","Cumulative","Clothes",200.00$,-361.96$,42.62$
"Jan 2024","Cumulative: Eating Out","Cumulative","Eating Out",110.00$,-67.65$,129.93$
"Jan 2024","Cumulative: Fun, Dates & Hobbies","Cumulative","Fun, Dates & Hobbies",100.00$,-100.86$,552.33$
"Jan 2024","Cumulative: Gifts","Cumulative","Gifts",150.00$,-259.40$,159.35$
"Jan 2024","Cumulative: Exercise","Cumulative","Exercise",25.00$,-115.76$,241.83$
"Jan 2024","Cumulative: Home Improvement","Cumulative","Home Improvement",100.00$,-52.26$,231.76$
"Jan 2024","Cumulative: Public Transportation","Cumulative","Public Transportation",0.00$,0.00$,100.00$
"Jan 2024","Cumulative: Bike","Cumulative","Bike",40.00$,-0.45$,123.43$
"Jan 2024","Cumulative: Special Splurge","Cumulative","Special Splurge",0.00$,0.00$,0.00$
"Jan 2024","Cumulative: Tim's Choice","Cumulative","Tim's Choice",60.00$,0.00$,628.50$
"Jan 2024","Cumulative: Vivian's Choice","Cumulative","Vivian's Choice",60.00$,0.00$,550.99$
"Jan 2024","Cumulative: Weddings","Cumulative","Weddings",85.00$,-202.70$,2.19$
"Jan 2024","Cumulative: Travel","Cumulative","Travel",700.00$,-611.55$,673.75$
"Jan 2024","Tax Deductible: Koala Budget","Tax Deductible","Koala Budget",0.00$,0.00$,0.00$
"Jan 2024","Tax Deductible: Timmy's Work","Tax Deductible","Timmy's Work",588.16$,-588.16$,0.00$
"Jan 2024","Tax Deductible: Vivian's Work","Tax Deductible","Vivian's Work",240.39$,-240.39$,0.00$
"Jan 2024","Tax Deductible: Medical","Tax Deductible","Medical",0.00$,154.21$,154.21$
"Jan 2024","Tax Deductible: God's Money","Tax Deductible","God's Money",321.00$,-449.00$,855.00$
"Jan 2024","Savings: RESP","Savings","RESP",0.00$,0.00$,0.00$
"Jan 2024","Savings: Retirement","Savings","Retirement",909.75$,-909.75$,0.00$
"Jan 2024","Savings: Emergency Fund","Savings","Emergency Fund",0.00$,0.00$,0.00$
"Jan 2024","Savings: House","Savings","House",1959.64$,-6510.00$,-4550.36$
"Jan 2024","Savings: Investment Gain/Loss","Savings","Investment Gain/Loss",0.00$,0.00$,0.00$
"Jan 2024","Savings: Savings Expenses","Savings","Savings Expenses",60.00$,-60.00$,0.00$
"Jan 2024","Hidden Categories: Rent","Hidden Categories","Rent",1636.99$,-1636.99$,0.00$
"Jan 2024","Hidden Categories: Hydro","Hidden Categories","Hydro",100.00$,-70.48$,29.52$
"Jan 2024","Hidden Categories: Moving & Home Setup","Hidden Categories","Moving & Home Setup",0.00$,0.00$,0.00$
"Jan 2024","Hidden Categories: Alcohol","Hidden Categories","Alcohol",0.00$,0.00$,0.00$
"Jan 2024","Hidden Categories: Vivian COGS","Hidden Categories","Vivian COGS",0.00$,0.00$,0.00$
"Jan 2024","Hidden Categories: Income Tax and HST","Hidden Categories","Income Tax and HST",600.00$,-587.90$,676.62$
"Jan 2024","Hidden Categories: Moving Out Fund","Hidden Categories","Moving Out Fund",0.00$,0.00$,0.00$
"Jan 2024","Hidden Categories: Publishing","Hidden Categories","Publishing",-60.00$,60.00$,0.00$
"Jan 2024","Hidden Categories: Tuition","Hidden Categories","Tuition",0.00$,0.00$,0.00$
"Feb 2024","Credit Card Payments: Credit Card (TG)","Credit Card Payments","Credit Card (TG)",0.00$,469.99$,3140.60$
"Feb 2024","Credit Card Payments: Reconcile account","Credit Card Payments","Reconcile account",0.00$,-452.25$,-452.25$
"Feb 2024","Credit Card Payments: BBC Visa","Credit Card Payments","BBC Visa",0.00$,70.45$,388.10$
"Feb 2024","Credit Card Payments: TD Travel Visa","Credit Card Payments","TD Travel Visa",0.00$,0.00$,0.00$
"Feb 2024","Credit Card Payments: Viv's Credit Card (TG)","Credit Card Payments","Viv's Credit Card (TG)",0.00$,0.00$,0.00$
"Feb 2024","Credit Card Payments: WS Credit Card","Credit Card Payments","WS Credit Card",0.00$,0.00$,0.00$
"Feb 2024","Monthly: Amroth House","Monthly","Amroth House",0.00$,0.00$,0.00$
"Feb 2024","Monthly: Internet","Monthly","Internet",56.50$,-56.50$,0.00$
"Feb 2024","Monthly: Cellphone","Monthly","Cellphone",110.00$,-78.10$,31.90$
"Feb 2024","Monthly: Groceries","Monthly","Groceries",485.00$,-571.41$,2.88$
"Feb 2024","Monthly: Daycare","Monthly","Daycare",0.00$,0.00$,0.00$
"Feb 2024","Monthly: Life Insurance","Monthly","Life Insurance",0.00$,0.00$,0.00$
"Feb 2024","Cumulative: Fees","Cumulative","Fees",20.00$,0.00$,123.77$
"Feb 2024","Cumulative: Progeny","Cumulative","Progeny",170.00$,-51.97$,708.03$
"Feb 2024","Cumulative: Books & Education","Cumulative","Books & Education",65.00$,-29.36$,35.64$
"Feb 2024","Cumulative: Miscellaneous","Cumulative","Miscellaneous",20.00$,0.00$,165.27$
"Feb 2024","Cumulative: Car","Cumulative","Car",400.00$,-226.49$,887.86$
"Feb 2024","Cumulative: Health & Pharmacy","Cumulative","Health & Pharmacy",0.00$,0.00$,0.00$
"Feb 2024","Cumulative: Clothes","Cumulative","Clothes",200.00$,-30.48$,212.14$
"Feb 2024","Cumulative: Eating Out","Cumulative","Eating Out",50.00$,-58.56$,121.37$
"Feb 2024","Cumulative: Fun, Dates & Hobbies","Cumulative","Fun, Dates & Hobbies",100.00$,-191.00$,461.33$
"Feb 2024","Cumulative: Gifts","Cumulative","Gifts",150.00$,-85.12$,224.23$
"Feb 2024","Cumulative: Exercise","Cumulative","Exercise",25.00$,0.00$,266.83$
"Feb 2024","Cumulative: Home Improvement","Cumulative","Home Improvement",100.00$,0.00$,331.76$
"Feb 2024","Cumulative: Public Transportation","Cumulative","Public Transportation",0.00$,-50.00$,50.00$
"Feb 2024","Cumulative: Bike","Cumulative","Bike",40.00$,0.00$,163.43$
"Feb 2024","Cumulative: Special Splurge","Cumulative","Special Splurge",0.00$,0.00$,0.00$
"Feb 2024","Cumulative: Tim's Choice","Cumulative","Tim's Choice",60.00$,0.00$,688.50$
"Feb 2024","Cumulative: Vivian's Choice","Cumulative","Vivian's Choice",60.00$,0.00$,610.99$
"Feb 2024","Cumulative: Weddings","Cumulative","Weddings",50.00$,-5.50$,46.69$
"Feb 2024","Cumulative: Travel","Cumulative","Travel",700.00$,0.00$,1373.75$
"Feb 2024","Tax Deductible: Koala Budget","Tax Deductible","Koala Budget",0.00$,0.00$,0.00$
"Feb 2024","Tax Deductible: Timmy's Work","Tax Deductible","Timmy's Work",102.08$,-102.08$,0.00$
"Feb 2024","Tax Deductible: Vivian's Work","Tax Deductible","Vivian's Work",249.77$,-249.77$,0.00$
"Feb 2024","Tax Deductible: Medical","Tax Deductible","Medical",708.02$,-878.58$,-16.35$
"Feb 2024","Tax Deductible: God's Money","Tax Deductible","God's Money",1000.00$,-798.00$,1057.00$
"Feb 2024","Savings: RESP","Savings","RESP",0.00$,0.00$,0.00$
"Feb 2024","Savings: Retirement","Savings","Retirement",915.75$,-915.75$,0.00$
"Feb 2024","Savings: Emergency Fund","Savings","Emergency Fund",0.00$,0.00$,0.00$
"Feb 2024","Savings: House","Savings","House",178.36$,-1128.00$,-949.64$
"Feb 2024","Savings: Investment Gain/Loss","Savings","Investment Gain/Loss",0.00$,0.00$,0.00$
"Feb 2024","Savings: Savings Expenses","Savings","Savings Expenses",0.00$,0.00$,0.00$
"Feb 2024","Hidden Categories: Rent","Hidden Categories","Rent",1636.99$,-1636.99$,0.00$
"Feb 2024","Hidden Categories: Hydro","Hidden Categories","Hydro",100.00$,-73.78$,55.74$
"Feb 2024","Hidden Categories: Moving & Home Setup","Hidden Categories","Moving & Home Setup",0.00$,0.00$,0.00$
"Feb 2024","Hidden Categories: Alcohol","Hidden Categories","Alcohol",0.00$,0.00$,0.00$
"Feb 2024","Hidden Categories: Vivian COGS","Hidden Categories","Vivian COGS",0.00$,0.00$,0.00$
"Feb 2024","Hidden Categories: Income Tax and HST","Hidden Categories","Income Tax and HST",1000.00$,0.00$,1676.62$
"Feb 2024","Hidden Categories: Moving Out Fund","Hidden Categories","Moving Out Fund",0.00$,0.00$,0.00$
"Feb 2024","Hidden Categories: Publishing","Hidden Categories","Publishing",0.00$,-19.64$,-19.64$
"Feb 2024","Hidden Categories: Tuition","Hidden Categories","Tuition",9501.18$,-9501.18$,0.00$
"Mar 2024","Credit Card Payments: Credit Card (TG)","Credit Card Payments","Credit Card (TG)",0.00$,-2317.54$,823.06$
"Mar 2024","Credit Card Payments: Reconcile account","Credit Card Payments","Reconcile account",0.00$,747.75$,747.75$
"Mar 2024","Credit Card Payments: BBC Visa","Credit Card Payments","BBC Visa",0.00$,-238.15$,149.95$
"Mar 2024","Credit Card Payments: TD Travel Visa","Credit Card Payments","TD Travel Visa",0.00$,0.00$,0.00$
"Mar 2024","Credit Card Payments: Viv's Credit Card (TG)","Credit Card Payments","Viv's Credit Card (TG)",0.00$,0.00$,0.00$
"Mar 2024","Credit Card Payments: WS Credit Card","Credit Card Payments","WS Credit Card",0.00$,0.00$,0.00$
"Mar 2024","Monthly: Amroth House","Monthly","Amroth House",0.00$,0.00$,0.00$
"Mar 2024","Monthly: Internet","Monthly","Internet",56.50$,-56.50$,0.00$
"Mar 2024","Monthly: Cellphone","Monthly","Cellphone",90.00$,-96.06$,25.84$
"Mar 2024","Monthly: Groceries","Monthly","Groceries",650.00$,-643.21$,9.67$
"Mar 2024","Monthly: Daycare","Monthly","Daycare",0.00$,0.00$,0.00$
"Mar 2024","Monthly: Life Insurance","Monthly","Life Insurance",0.00$,0.00$,0.00$
"Mar 2024","Cumulative: Fees","Cumulative","Fees",20.00$,-51.18$,92.59$
"Mar 2024","Cumulative: Progeny","Cumulative","Progeny",285.52$,0.00$,993.55$
"Mar 2024","Cumulative: Books & Education","Cumulative","Books & Education",65.00$,-58.72$,41.92$
"Mar 2024","Cumulative: Miscellaneous","Cumulative","Miscellaneous",20.00$,0.00$,185.27$
"Mar 2024","Cumulative: Car","Cumulative","Car",400.00$,-201.28$,1086.58$
"Mar 2024","Cumulative: Health & Pharmacy","Cumulative","Health & Pharmacy",0.00$,0.00$,0.00$
"Mar 2024","Cumulative: Clothes","Cumulative","Clothes",100.00$,-240.12$,72.02$
"Mar 2024","Cumulative: Eating Out","Cumulative","Eating Out",50.00$,-177.49$,-6.12$
"Mar 2024","Cumulative: Fun, Dates & Hobbies","Cumulative","Fun, Dates & Hobbies",0.00$,0.00$,461.33$
"Mar 2024","Cumulative: Gifts","Cumulative","Gifts",150.00$,-109.68$,264.55$
"Mar 2024","Cumulative: Exercise","Cumulative","Exercise",25.00$,0.00$,291.83$
"Mar 2024","Cumulative: Home Improvement","Cumulative","Home Improvement",200.00$,-75.00$,456.76$
"Mar 2024","Cumulative: Public Transportation","Cumulative","Public Transportation",50.00$,-102.23$,-2.23$
"Mar 2024","Cumulative: Bike","Cumulative","Bike",40.00$,-0.23$,203.20$
"Mar 2024","Cumulative: Special Splurge","Cumulative","Special Splurge",1000.00$,-1000.00$,0.00$
"Mar 2024","Cumulative: Tim's Choice","Cumulative","Tim's Choice",60.00$,0.00$,748.50$
"Mar 2024","Cumulative: Vivian's Choice","Cumulative","Vivian's Choice",60.00$,-23.65$,647.34$
"Mar 2024","Cumulative: Weddings","Cumulative","Weddings",50.00$,0.00$,96.69$
"Mar 2024","Cumulative: Travel","Cumulative","Travel",800.00$,-200.00$,1973.75$
"Mar 2024","Tax Deductible: Koala Budget","Tax Deductible","Koala Budget",0.00$,0.00$,0.00$
"Mar 2024","Tax Deductible: Timmy's Work","Tax Deductible","Timmy's Work",352.43$,-352.43$,0.00$
"Mar 2024","Tax Deductible: Vivian's Work","Tax Deductible","Vivian's Work",39.11$,-39.11$,0.00$
"Mar 2024","Tax Deductible: Medical","Tax Deductible","Medical",23.48$,-38.06$,-14.58$
"Mar 2024","Tax Deductible: God's Money","Tax Deductible","God's Money",780.00$,-598.00$,1239.00$
"Mar 2024","Savings: RESP","Savings","RESP",0.00$,0.00$,0.00$
"Mar 2024","Savings: Retirement","Savings","Retirement",1227.75$,-1227.75$,0.00$
"Mar 2024","Savings: Emergency Fund","Savings","Emergency Fund",0.00$,0.00$,0.00$
"Mar 2024","Savings: House","Savings","House",2500.00$,-1128.00$,1372.00$
"Mar 2024","Savings: Investment Gain/Loss","Savings","Investment Gain/Loss",0.00$,0.00$,0.00$
"Mar 2024","Savings: Savings Expenses","Savings","Savings Expenses",0.00$,0.00$,0.00$
"Mar 2024","Hidden Categories: Rent","Hidden Categories","Rent",1636.99$,-1636.99$,0.00$
"Mar 2024","Hidden Categories: Hydro","Hidden Categories","Hydro",100.00$,-74.58$,81.16$
"Mar 2024","Hidden Categories: Moving & Home Setup","Hidden Categories","Moving & Home Setup",0.00$,0.00$,0.00$
"Mar 2024","Hidden Categories: Alcohol","Hidden Categories","Alcohol",0.00$,0.00$,0.00$
"Mar 2024","Hidden Categories: Vivian COGS","Hidden Categories","Vivian COGS",0.00$,0.00$,0.00$
"Mar 2024","Hidden Categories: Income Tax and HST","Hidden Categories","Income Tax and HST",750.00$,0.00$,2426.62$
"Mar 2024","Hidden Categories: Moving Out Fund","Hidden Categories","Moving Out Fund",0.00$,0.00$,0.00$
"Mar 2024","Hidden Categories: Publishing","Hidden Categories","Publishing",226.06$,-226.06$,0.00$
"Mar 2024","Hidden Categories: Tuition","Hidden Categories","Tuition",0.00$,0.00$,0.00$
"Apr 2024","Credit Card Payments: Credit Card (TG)","Credit Card Payments","Credit Card (TG)",0.00$,-548.70$,274.36$
"Apr 2024","Credit Card Payments: Reconcile account","Credit Card Payments","Reconcile account",0.00$,495.75$,1243.50$
"Apr 2024","Credit Card Payments: BBC Visa","Credit Card Payments","BBC Visa",0.00$,-62.77$,87.18$
"Apr 2024","Credit Card Payments: TD Travel Visa","Credit Card Payments","TD Travel Visa",0.00$,0.00$,0.00$
"Apr 2024","Credit Card Payments: Viv's Credit Card (TG)","Credit Card Payments","Viv's Credit Card (TG)",0.00$,0.00$,0.00$
"Apr 2024","Credit Card Payments: WS Credit Card","Credit Card Payments","WS Credit Card",0.00$,0.00$,0.00$
"Apr 2024","Monthly: Amroth House","Monthly","Amroth House",0.00$,0.00$,0.00$
"Apr 2024","Monthly: Internet","Monthly","Internet",56.50$,-56.50$,0.00$
"Apr 2024","Monthly: Cellphone","Monthly","Cellphone",90.00$,-96.06$,19.78$
"Apr 2024","Monthly: Groceries","Monthly","Groceries",900.00$,-869.99$,39.68$
"Apr 2024","Monthly: Daycare","Monthly","Daycare",0.00$,0.00$,0.00$
"Apr 2024","Monthly: Life Insurance","Monthly","Life Insurance",0.00$,0.00$,0.00$
"Apr 2024","Cumulative: Fees","Cumulative","Fees",20.00$,0.00$,112.59$
"Apr 2024","Cumulative: Progeny","Cumulative","Progeny",170.00$,-754.82$,408.73$
"Apr 2024","Cumulative: Books & Education","Cumulative","Books & Education",65.00$,-29.36$,77.56$
"Apr 2024","Cumulative: Miscellaneous","Cumulative","Miscellaneous",20.00$,-140.24$,65.03$
"Apr 2024","Cumulative: Car","Cumulative","Car",400.00$,-424.08$,1062.50$
"Apr 2024","Cumulative: Health & Pharmacy","Cumulative","Health & Pharmacy",0.00$,0.00$,0.00$
"Apr 2024","Cumulative: Clothes","Cumulative","Clothes",100.00$,-139.73$,32.29$
"Apr 2024","Cumulative: Eating Out","Cumulative","Eating Out",50.00$,-10.42$,39.58$
"Apr 2024","Cumulative: Fun, Dates & Hobbies","Cumulative","Fun, Dates & Hobbies",0.00$,-139.89$,321.44$
"Apr 2024","Cumulative: Gifts","Cumulative","Gifts",150.00$,-190.00$,224.55$
"Apr 2024","Cumulative: Exercise","Cumulative","Exercise",25.00$,0.00$,316.83$
"Apr 2024","Cumulative: Home Improvement","Cumulative","Home Improvement",100.00$,-125.92$,430.84$
"Apr 2024","Cumulative: Public Transportation","Cumulative","Public Transportation",50.00$,0.00$,50.00$
"Apr 2024","Cumulative: Bike","Cumulative","Bike",40.00$,-63.25$,179.95$
"Apr 2024","Cumulative: Special Splurge","Cumulative","Special Splurge",977.25$,0.00$,977.25$
"Apr 2024","Cumulative: Tim's Choice","Cumulative","Tim's Choice",60.00$,0.00$,808.50$
"Apr 2024","Cumulative: Vivian's Choice","Cumulative","Vivian's Choice",60.00$,0.00$,707.34$
"Apr 2024","Cumulative: Weddings","Cumulative","Weddings",50.00$,0.00$,146.69$
"Apr 2024","Cumulative: Travel","Cumulative","Travel",3800.00$,0.00$,5773.75$
"Apr 2024","Tax Deductible: Koala Budget","Tax Deductible","Koala Budget",0.00$,0.00$,0.00$
"Apr 2024","Tax Deductible: Timmy's Work","Tax Deductible","Timmy's Work",505.42$,-505.42$,0.00$
"Apr 2024","Tax Deductible: Vivian's Work","Tax Deductible","Vivian's Work",231.16$,-231.16$,0.00$
"Apr 2024","Tax Deductible: Medical","Tax Deductible","Medical",23.48$,168.30$,191.78$
"Apr 2024","Tax Deductible: God's Money","Tax Deductible","God's Money",2100.00$,-398.00$,2941.00$
"Apr 2024","Savings: RESP","Savings","RESP",0.00$,0.00$,0.00$
"Apr 2024","Savings: Retirement","Savings","Retirement",1898.75$,-1898.75$,0.00$
"Apr 2024","Savings: Emergency Fund","Savings","Emergency Fund",0.00$,0.00$,0.00$
"Apr 2024","Savings: House","Savings","House",4490.27$,-5862.27$,0.00$
"Apr 2024","Savings: Investment Gain/Loss","Savings","Investment Gain/Loss",0.00$,0.00$,0.00$
"Apr 2024","Savings: Savings Expenses","Savings","Savings Expenses",0.00$,0.00$,0.00$
"Apr 2024","Hidden Categories: Rent","Hidden Categories","Rent",1636.99$,-1636.99$,0.00$
"Apr 2024","Hidden Categories: Hydro","Hidden Categories","Hydro",100.00$,-72.79$,108.37$
"Apr 2024","Hidden Categories: Moving & Home Setup","Hidden Categories","Moving & Home Setup",0.00$,0.00$,0.00$
"Apr 2024","Hidden Categories: Alcohol","Hidden Categories","Alcohol",0.00$,0.00$,0.00$
"Apr 2024","Hidden Categories: Vivian COGS","Hidden Categories","Vivian COGS",0.00$,0.00$,0.00$
"Apr 2024","Hidden Categories: Income Tax and HST","Hidden Categories","Income Tax and HST",110.00$,-1396.42$,1140.20$
"Apr 2024","Hidden Categories: Moving Out Fund","Hidden Categories","Moving Out Fund",0.00$,0.00$,0.00$
"Apr 2024","Hidden Categories: Publishing","Hidden Categories","Publishing",0.00$,54.90$,54.90$
"Apr 2024","Hidden Categories: Tuition","Hidden Categories","Tuition",9940.00$,-9940.00$,0.00$
"May 2024","Credit Card Payments: Credit Card (TG)","Credit Card Payments","Credit Card (TG)",0.00$,-895.61$,-621.25$
"May 2024","Credit Card Payments: Reconcile account","Credit Card Payments","Reconcile account",0.00$,315.75$,1559.25$
"May 2024","Credit Card Payments: BBC Visa","Credit Card Payments","BBC Visa",0.00$,399.13$,486.31$
"May 2024","Credit Card Payments: TD Travel Visa","Credit Card Payments","TD Travel Visa",0.00$,0.00$,0.00$
"May 2024","Credit Card Payments: Viv's Credit Card (TG)","Credit Card Payments","Viv's Credit Card (TG)",0.00$,0.00$,0.00$
"May 2024","Credit Card Payments: WS Credit Card","Credit Card Payments","WS Credit Card",0.00$,0.00$,0.00$
"May 2024","Monthly: Amroth House","Monthly","Amroth House",0.00$,0.00$,0.00$
"May 2024","Monthly: Internet","Monthly","Internet",56.50$,-56.50$,0.00$
"May 2024","Monthly: Cellphone","Monthly","Cellphone",90.00$,-96.06$,13.72$
"May 2024","Monthly: Groceries","Monthly","Groceries",250.00$,-521.88$,-232.20$
"May 2024","Monthly: Daycare","Monthly","Daycare",0.00$,0.00$,0.00$
"May 2024","Monthly: Life Insurance","Monthly","Life Insurance",0.00$,0.00$,0.00$
"May 2024","Cumulative: Fees","Cumulative","Fees",20.00$,-81.63$,50.96$
"May 2024","Cumulative: Progeny","Cumulative","Progeny",1945.00$,-881.72$,1472.01$
"May 2024","Cumulative: Books & Education","Cumulative","Books & Education",65.00$,-29.36$,113.20$
"May 2024","Cumulative: Miscellaneous","Cumulative","Miscellaneous",20.00$,0.00$,85.03$
"May 2024","Cumulative: Car","Cumulative","Car",400.00$,-792.12$,670.38$
"May 2024","Cumulative: Health & Pharmacy","Cumulative","Health & Pharmacy",150.00$,-192.21$,-42.21$
"May 2024","Cumulative: Clothes","Cumulative","Clothes",150.00$,-70.00$,112.29$
"May 2024","Cumulative: Eating Out","Cumulative","Eating Out",50.00$,-17.93$,71.65$
"May 2024","Cumulative: Fun, Dates & Hobbies","Cumulative","Fun, Dates & Hobbies",0.00$,-26.00$,295.44$
"May 2024","Cumulative: Gifts","Cumulative","Gifts",150.00$,-156.88$,217.67$
"May 2024","Cumulative: Exercise","Cumulative","Exercise",25.00$,0.00$,341.83$
"May 2024","Cumulative: Home Improvement","Cumulative","Home Improvement",50.00$,-49.39$,431.45$
"May 2024","Cumulative: Public Transportation","Cumulative","Public Transportation",50.00$,0.00$,100.00$
"May 2024","Cumulative: Bike","Cumulative","Bike",40.00$,-0.34$,219.61$
"May 2024","Cumulative: Special Splurge","Cumulative","Special Splurge",0.00$,0.00$,977.25$
"May 2024","Cumulative: Tim's Choice","Cumulative","Tim's Choice",60.00$,0.00$,868.50$
"May 2024","Cumulative: Vivian's Choice","Cumulative","Vivian's Choice",60.00$,0.00$,767.34$
"May 2024","Cumulative: Weddings","Cumulative","Weddings",100.00$,0.00$,246.69$
"May 2024","Cumulative: Travel","Cumulative","Travel",700.00$,0.00$,6473.75$
"May 2024","Tax Deductible: Koala Budget","Tax Deductible","Koala Budget",0.00$,0.00$,0.00$
"May 2024","Tax Deductible: Timmy's Work","Tax Deductible","Timmy's Work",1054.03$,-1054.03$,0.00$
"May 2024","Tax Deductible: Vivian's Work","Tax Deductible","Vivian's Work",91.03$,594.09$,685.12$
"May 2024","Tax Deductible: Medical","Tax Deductible","Medical",-150.00$,501.60$,543.38$
"May 2024","Tax Deductible: God's Money","Tax Deductible","God's Money",1300.00$,-598.00$,3643.00$
"May 2024","Savings: RESP","Savings","RESP",0.00$,0.00$,0.00$
"May 2024","Savings: Retirement","Savings","Retirement",915.75$,-915.75$,0.00$
"May 2024","Savings: Emergency Fund","Savings","Emergency Fund",0.00$,0.00$,0.00$
"May 2024","Savings: House","Savings","House",1312.00$,-1312.00$,0.00$
"May 2024","Savings: Investment Gain/Loss","Savings","Investment Gain/Loss",0.00$,0.00$,0.00$
"May 2024","Savings: Savings Expenses","Savings","Savings Expenses",0.00$,0.00$,0.00$
"May 2024","Hidden Categories: Rent","Hidden Categories","Rent",1636.99$,-1636.99$,0.00$
"May 2024","Hidden Categories: Hydro","Hidden Categories","Hydro",100.00$,-197.44$,10.93$
"May 2024","Hidden Categories: Moving & Home Setup","Hidden Categories","Moving & Home Setup",0.00$,0.00$,0.00$
"May 2024","Hidden Categories: Alcohol","Hidden Categories","Alcohol",0.00$,0.00$,0.00$
"May 2024","Hidden Categories: Vivian COGS","Hidden Categories","Vivian COGS",0.00$,0.00$,0.00$
"May 2024","Hidden Categories: Income Tax and HST","Hidden Categories","Income Tax and HST",0.00$,0.00$,1140.20$
"May 2024","Hidden Categories: Moving Out Fund","Hidden Categories","Moving Out Fund",0.00$,0.00$,0.00$
"May 2024","Hidden Categories: Publishing","Hidden Categories","Publishing",0.00$,-54.90$,0.00$
"May 2024","Hidden Categories: Tuition","Hidden Categories","Tuition",97.83$,-97.83$,0.00$
"Jun 2024","Credit Card Payments: Credit Card (TG)","Credit Card Payments","Credit Card (TG)",0.00$,1757.96$,1757.96$
"Jun 2024","Credit Card Payments: Reconcile account","Credit Card Payments","Reconcile account",0.00$,229.75$,1789.00$
"Jun 2024","Credit Card Payments: BBC Visa","Credit Card Payments","BBC Visa",0.00$,-299.12$,187.19$
"Jun 2024","Credit Card Payments: TD Travel Visa","Credit Card Payments","TD Travel Visa",0.00$,0.00$,0.00$
"Jun 2024","Credit Card Payments: Viv's Credit Card (TG)","Credit Card Payments","Viv's Credit Card (TG)",0.00$,0.00$,0.00$
"Jun 2024","Credit Card Payments: WS Credit Card","Credit Card Payments","WS Credit Card",0.00$,0.00$,0.00$
"Jun 2024","Monthly: Amroth House","Monthly","Amroth House",0.00$,0.00$,0.00$
"Jun 2024","Monthly: Internet","Monthly","Internet",56.50$,-56.50$,0.00$
"Jun 2024","Monthly: Cellphone","Monthly","Cellphone",90.00$,-96.06$,7.66$
"Jun 2024","Monthly: Groceries","Monthly","Groceries",600.00$,-659.60$,-59.60$
"Jun 2024","Monthly: Daycare","Monthly","Daycare",0.00$,0.00$,0.00$
"Jun 2024","Monthly: Life Insurance","Monthly","Life Insurance",0.00$,0.00$,0.00$
"Jun 2024","Cumulative: Fees","Cumulative","Fees",20.00$,0.00$,70.96$
"Jun 2024","Cumulative: Progeny","Cumulative","Progeny",170.00$,-162.33$,1479.68$
"Jun 2024","Cumulative: Books & Education","Cumulative","Books & Education",65.00$,-29.36$,148.84$
"Jun 2024","Cumulative: Miscellaneous","Cumulative","Miscellaneous",20.00$,0.00$,105.03$
"Jun 2024","Cumulative: Car","Cumulative","Car",400.00$,-272.68$,797.70$
"Jun 2024","Cumulative: Health & Pharmacy","Cumulative","Health & Pharmacy",75.00$,-30.00$,45.00$
"Jun 2024","Cumulative: Clothes","Cumulative","Clothes",150.00$,-235.64$,26.65$
"Jun 2024","Cumulative: Eating Out","Cumulative","Eating Out",50.00$,-31.77$,89.88$
"Jun 2024","Cumulative: Fun, Dates & Hobbies","Cumulative","Fun, Dates & Hobbies",0.00$,0.00$,295.44$
"Jun 2024","Cumulative: Gifts","Cumulative","Gifts",200.00$,-280.04$,137.63$
"Jun 2024","Cumulative: Exercise","Cumulative","Exercise",0.00$,0.00$,341.83$
"Jun 2024","Cumulative: Home Improvement","Cumulative","Home Improvement",0.00$,-120.87$,310.58$
"Jun 2024","Cumulative: Public Transportation","Cumulative","Public Transportation",0.00$,-100.00$,0.00$
"Jun 2024","Cumulative: Bike","Cumulative","Bike",40.00$,-160.00$,99.61$
"Jun 2024","Cumulative: Special Splurge","Cumulative","Special Splurge",0.00$,0.00$,977.25$
"Jun 2024","Cumulative: Tim's Choice","Cumulative","Tim's Choice",60.00$,0.00$,928.50$
"Jun 2024","Cumulative: Vivian's Choice","Cumulative","Vivian's Choice",60.00$,0.00$,827.34$
"Jun 2024","Cumulative: Weddings","Cumulative","Weddings",100.00$,0.00$,346.69$
"Jun 2024","Cumulative: Travel","Cumulative","Travel",700.00$,0.00$,7173.75$
"Jun 2024","Tax Deductible: Koala Budget","Tax Deductible","Koala Budget",0.00$,0.00$,0.00$
"Jun 2024","Tax Deductible: Timmy's Work","Tax Deductible","Timmy's Work",1063.45$,-1063.45$,0.00$
"Jun 2024","Tax Deductible: Vivian's Work","Tax Deductible","Vivian's Work",-685.12$,0.00$,0.00$
"Jun 2024","Tax Deductible: Medical","Tax Deductible","Medical",-300.00$,-347.00$,-103.62$
"Jun 2024","Tax Deductible: God's Money","Tax Deductible","God's Money",580.00$,-698.00$,3525.00$
"Jun 2024","Savings: RESP","Savings","RESP",0.00$,0.00$,0.00$
"Jun 2024","Savings: Retirement","Savings","Retirement",915.75$,-915.75$,0.00$
"Jun 2024","Savings: Emergency Fund","Savings","Emergency Fund",0.00$,0.00$,0.00$
"Jun 2024","Savings: House","Savings","House",1156.00$,-1156.00$,0.00$
"Jun 2024","Savings: Investment Gain/Loss","Savings","Investment Gain/Loss",0.00$,0.00$,0.00$
"Jun 2024","Savings: Savings Expenses","Savings","Savings Expenses",0.00$,0.00$,0.00$
"Jun 2024","Hidden Categories: Rent","Hidden Categories","Rent",1639.96$,-1639.96$,0.00$
"Jun 2024","Hidden Categories: Hydro","Hidden Categories","Hydro",100.00$,-75.32$,35.61$
"Jun 2024","Hidden Categories: Moving & Home Setup","Hidden Categories","Moving & Home Setup",0.00$,0.00$,0.00$
"Jun 2024","Hidden Categories: Alcohol","Hidden Categories","Alcohol",0.00$,0.00$,0.00$
"Jun 2024","Hidden Categories: Vivian COGS","Hidden Categories","Vivian COGS",0.00$,0.00$,0.00$
"Jun 2024","Hidden Categories: Income Tax and HST","Hidden Categories","Income Tax and HST",0.00$,0.00$,1140.20$
"Jun 2024","Hidden Categories: Moving Out Fund","Hidden Categories","Moving Out Fund",0.00$,0.00$,0.00$
"Jun 2024","Hidden Categories: Publishing","Hidden Categories","Publishing",0.00$,0.00$,0.00$
"Jun 2024","Hidden Categories: Tuition","Hidden Categories","Tuition",0.00$,0.00$,0.00$
"Jul 2024","Credit Card Payments: Credit Card (TG)","Credit Card Payments","Credit Card (TG)",0.00$,877.76$,2635.72$
"Jul 2024","Credit Card Payments: Reconcile account","Credit Card Payments","Reconcile account",0.00$,-14963.25$,-13174.25$
"Jul 2024","Credit Card Payments: BBC Visa","Credit Card Payments","BBC Visa",0.00$,200.66$,387.85$
"Jul 2024","Credit Card Payments: TD Travel Visa","Credit Card Payments","TD Travel Visa",0.00$,0.00$,0.00$
"Jul 2024","Credit Card Payments: Viv's Credit Card (TG)","Credit Card Payments","Viv's Credit Card (TG)",0.00$,0.00$,0.00$
"Jul 2024","Credit Card Payments: WS Credit Card","Credit Card Payments","WS Credit Card",0.00$,0.00$,0.00$
"Jul 2024","Monthly: Amroth House","Monthly","Amroth House",0.00$,0.00$,0.00$
"Jul 2024","Monthly: Internet","Monthly","Internet",56.50$,-56.50$,0.00$
"Jul 2024","Monthly: Cellphone","Monthly","Cellphone",190.00$,-102.84$,94.82$
"Jul 2024","Monthly: Groceries","Monthly","Groceries",520.00$,-480.65$,39.35$
"Jul 2024","Monthly: Daycare","Monthly","Daycare",0.00$,0.00$,0.00$
"Jul 2024","Monthly: Life Insurance","Monthly","Life Insurance",0.00$,0.00$,0.00$
"Jul 2024","Cumulative: Fees","Cumulative","Fees",20.00$,0.91$,91.87$
"Jul 2024","Cumulative: Progeny","Cumulative","Progeny",170.00$,-226.51$,1423.17$
"Jul 2024","Cumulative: Books & Education","Cumulative","Books & Education",65.00$,-179.36$,34.48$
"Jul 2024","Cumulative: Miscellaneous","Cumulative","Miscellaneous",20.00$,0.00$,125.03$
"Jul 2024","Cumulative: Car","Cumulative","Car",400.00$,-448.19$,749.51$
"Jul 2024","Cumulative: Health & Pharmacy","Cumulative","Health & Pharmacy",75.00$,-25.98$,94.02$
"Jul 2024","Cumulative: Clothes","Cumulative","Clothes",300.00$,-102.09$,224.56$
"Jul 2024","Cumulative: Eating Out","Cumulative","Eating Out",50.00$,-137.43$,2.45$
"Jul 2024","Cumulative: Fun, Dates & Hobbies","Cumulative","Fun, Dates & Hobbies",0.00$,-67.42$,228.02$
"Jul 2024","Cumulative: Gifts","Cumulative","Gifts",200.00$,-112.44$,225.19$
"Jul 2024","Cumulative: Exercise","Cumulative","Exercise",0.00$,0.00$,341.83$
"Jul 2024","Cumulative: Home Improvement","Cumulative","Home Improvement",0.00$,-93.35$,217.23$
"Jul 2024","Cumulative: Public Transportation","Cumulative","Public Transportation",0.00$,0.00$,0.00$
"Jul 2024","Cumulative: Bike","Cumulative","Bike",40.00$,-0.34$,139.27$
"Jul 2024","Cumulative: Special Splurge","Cumulative","Special Splurge",0.25$,-977.50$,0.00$
"Jul 2024","Cumulative: Tim's Choice","Cumulative","Tim's Choice",60.00$,-22.77$,965.73$
"Jul 2024","Cumulative: Vivian's Choice","Cumulative","Vivian's Choice",60.00$,0.00$,887.34$
"Jul 2024","Cumulative: Weddings","Cumulative","Weddings",100.00$,-123.11$,323.58$
"Jul 2024","Cumulative: Travel","Cumulative","Travel",700.00$,-223.69$,7650.06$
"Jul 2024","Tax Deductible: Koala Budget","Tax Deductible","Koala Budget",0.00$,0.00$,0.00$
"Jul 2024","Tax Deductible: Timmy's Work","Tax Deductible","Timmy's Work",1665.11$,-1665.11$,0.00$
"Jul 2024","Tax Deductible: Vivian's Work","Tax Deductible","Vivian's Work",0.00$,0.00$,0.00$
"Jul 2024","Tax Deductible: Medical","Tax Deductible","Medical",0.00$,0.00$,0.00$
"Jul 2024","Tax Deductible: God's Money","Tax Deductible","God's Money",700.00$,-868.00$,3357.00$
"Jul 2024","Savings: RESP","Savings","RESP",0.00$,0.00$,0.00$
"Jul 2024","Savings: Retirement","Savings","Retirement",915.75$,-915.75$,0.00$
"Jul 2024","Savings: Emergency Fund","Savings","Emergency Fund",0.00$,0.00$,0.00$
"Jul 2024","Savings: House","Savings","House",1156.00$,13555.00$,14711.00$
"Jul 2024","Savings: Investment Gain/Loss","Savings","Investment Gain/Loss",0.00$,0.00$,0.00$
"Jul 2024","Savings: Savings Expenses","Savings","Savings Expenses",0.00$,0.00$,0.00$
"Jul 2024","Hidden Categories: Rent","Hidden Categories","Rent",1639.96$,-1639.96$,0.00$
"Jul 2024","Hidden Categories: Hydro","Hidden Categories","Hydro",100.00$,-74.73$,60.88$
"Jul 2024","Hidden Categories: Moving & Home Setup","Hidden Categories","Moving & Home Setup",0.00$,0.00$,0.00$
"Jul 2024","Hidden Categories: Alcohol","Hidden Categories","Alcohol",0.00$,0.00$,0.00$
"Jul 2024","Hidden Categories: Vivian COGS","Hidden Categories","Vivian COGS",0.00$,0.00$,0.00$
"Jul 2024","Hidden Categories: Income Tax and HST","Hidden Categories","Income Tax and HST",0.00$,-626.56$,513.64$
"Jul 2024","Hidden Categories: Moving Out Fund","Hidden Categories","Moving Out Fund",0.00$,0.00$,0.00$
"Jul 2024","Hidden Categories: Publishing","Hidden Categories","Publishing",0.00$,0.00$,0.00$
"Jul 2024","Hidden Categories: Tuition","Hidden Categories","Tuition",0.00$,0.00$,0.00$
"Aug 2024","Credit Card Payments: Credit Card (TG)","Credit Card Payments","Credit Card (TG)",0.00$,-489.22$,2146.50$
"Aug 2024","Credit Card Payments: Reconcile account","Credit Card Payments","Reconcile account",17605.22$,-4854.47$,12750.75$
"Aug 2024","Credit Card Payments: BBC Visa","Credit Card Payments","BBC Visa",0.00$,-107.14$,280.71$
"Aug 2024","Credit Card Payments: TD Travel Visa","Credit Card Payments","TD Travel Visa",0.00$,0.00$,0.00$
"Aug 2024","Credit Card Payments: Viv's Credit Card (TG)","Credit Card Payments","Viv's Credit Card (TG)",0.00$,0.00$,0.00$
"Aug 2024","Credit Card Payments: WS Credit Card","Credit Card Payments","WS Credit Card",0.00$,0.00$,0.00$
"Aug 2024","Monthly: Amroth House","Monthly","Amroth House",0.00$,0.00$,0.00$
"Aug 2024","Monthly: Internet","Monthly","Internet",56.50$,-56.50$,0.00$
"Aug 2024","Monthly: Cellphone","Monthly","Cellphone",190.00$,-206.06$,78.76$
"Aug 2024","Monthly: Groceries","Monthly","Groceries",520.00$,-499.02$,60.33$
"Aug 2024","Monthly: Daycare","Monthly","Daycare",0.00$,0.00$,0.00$
"Aug 2024","Monthly: Life Insurance","Monthly","Life Insurance",0.00$,0.00$,0.00$
"Aug 2024","Cumulative: Fees","Cumulative","Fees",10.00$,0.00$,101.87$
"Aug 2024","Cumulative: Progeny","Cumulative","Progeny",120.00$,-155.59$,1387.58$
"Aug 2024","Cumulative: Books & Education","Cumulative","Books & Education",65.00$,-29.36$,70.12$
"Aug 2024","Cumulative: Miscellaneous","Cumulative","Miscellaneous",20.00$,-4.80$,140.23$
"Aug 2024","Cumulative: Car","Cumulative","Car",450.00$,-305.53$,893.98$
"Aug 2024","Cumulative: Health & Pharmacy","Cumulative","Health & Pharmacy",75.00$,-52.16$,116.86$
"Aug 2024","Cumulative: Clothes","Cumulative","Clothes",300.00$,-194.88$,329.68$
"Aug 2024","Cumulative: Eating Out","Cumulative","Eating Out",50.00$,-49.96$,2.49$
"Aug 2024","Cumulative: Fun, Dates & Hobbies","Cumulative","Fun, Dates & Hobbies",0.00$,0.00$,228.02$
"Aug 2024","Cumulative: Gifts","Cumulative","Gifts",200.00$,-95.38$,329.81$
"Aug 2024","Cumulative: Exercise","Cumulative","Exercise",0.00$,0.00$,341.83$
"Aug 2024","Cumulative: Home Improvement","Cumulative","Home Improvement",0.00$,0.00$,217.23$
"Aug 2024","Cumulative: Public Transportation","Cumulative","Public Transportation",0.00$,0.00$,0.00$
"Aug 2024","Cumulative: Bike","Cumulative","Bike",40.00$,0.00$,179.27$
"Aug 2024","Cumulative: Special Splurge","Cumulative","Special Splurge",0.00$,0.00$,0.00$
"Aug 2024","Cumulative: Tim's Choice","Cumulative","Tim's Choice",60.00$,0.00$,1025.73$
"Aug 2024","Cumulative: Vivian's Choice","Cumulative","Vivian's Choice",60.00$,0.00$,947.34$
"Aug 2024","Cumulative: Weddings","Cumulative","Weddings",0.00$,0.00$,323.58$
"Aug 2024","Cumulative: Travel","Cumulative","Travel",700.00$,0.00$,8350.06$
"Aug 2024","Tax Deductible: Koala Budget","Tax Deductible","Koala Budget",0.00$,0.00$,0.00$
"Aug 2024","Tax Deductible: Timmy's Work","Tax Deductible","Timmy's Work",318.48$,-318.48$,0.00$
"Aug 2024","Tax Deductible: Vivian's Work","Tax Deductible","Vivian's Work",0.00$,0.00$,0.00$
"Aug 2024","Tax Deductible: Medical","Tax Deductible","Medical",311.00$,-310.43$,0.57$
"Aug 2024","Tax Deductible: God's Money","Tax Deductible","God's Money",1000.00$,-573.00$,3784.00$
"Aug 2024","Savings: RESP","Savings","RESP",0.00$,0.00$,0.00$
"Aug 2024","Savings: Retirement","Savings","Retirement",1227.75$,-1227.75$,0.00$
"Aug 2024","Savings: Emergency Fund","Savings","Emergency Fund",0.00$,0.00$,0.00$
"Aug 2024","Savings: House","Savings","House",-13555.00$,-1156.00$,0.00$
"Aug 2024","Savings: Investment Gain/Loss","Savings","Investment Gain/Loss",0.00$,0.00$,0.00$
"Aug 2024","Savings: Savings Expenses","Savings","Savings Expenses",0.00$,0.00$,0.00$
"Aug 2024","Hidden Categories: Rent","Hidden Categories","Rent",1639.96$,-1639.96$,0.00$
"Aug 2024","Hidden Categories: Hydro","Hidden Categories","Hydro",100.00$,-78.80$,82.08$
"Aug 2024","Hidden Categories: Moving & Home Setup","Hidden Categories","Moving & Home Setup",0.00$,0.00$,0.00$
"Aug 2024","Hidden Categories: Alcohol","Hidden Categories","Alcohol",0.00$,0.00$,0.00$
"Aug 2024","Hidden Categories: Vivian COGS","Hidden Categories","Vivian COGS",0.00$,0.00$,0.00$
"Aug 2024","Hidden Categories: Income Tax and HST","Hidden Categories","Income Tax and HST",0.00$,0.00$,513.64$
"Aug 2024","Hidden Categories: Moving Out Fund","Hidden Categories","Moving Out Fund",0.00$,0.00$,0.00$
"Aug 2024","Hidden Categories: Publishing","Hidden Categories","Publishing",0.00$,0.00$,0.00$
"Aug 2024","Hidden Categories: Tuition","Hidden Categories","Tuition",6204.78$,-6204.78$,0.00$
"Sep 2024","Credit Card Payments: Credit Card (TG)","Credit Card Payments","Credit Card (TG)",0.00$,-39.13$,2107.37$
"Sep 2024","Credit Card Payments: Reconcile account","Credit Card Payments","Reconcile account",0.00$,229.75$,12980.50$
"Sep 2024","Credit Card Payments: BBC Visa","Credit Card Payments","BBC Visa",0.00$,-491.11$,-210.40$
"Sep 2024","Credit Card Payments: TD Travel Visa","Credit Card Payments","TD Travel Visa",0.00$,0.00$,0.00$
"Sep 2024","Credit Card Payments: Viv's Credit Card (TG)","Credit Card Payments","Viv's Credit Card (TG)",0.00$,0.00$,0.00$
"Sep 2024","Credit Card Payments: WS Credit Card","Credit Card Payments","WS Credit Card",0.00$,0.00$,0.00$
"Sep 2024","Monthly: Amroth House","Monthly","Amroth House",0.00$,0.00$,0.00$
"Sep 2024","Monthly: Internet","Monthly","Internet",56.50$,-56.50$,0.00$
"Sep 2024","Monthly: Cellphone","Monthly","Cellphone",50.00$,-96.06$,32.70$
"Sep 2024","Monthly: Groceries","Monthly","Groceries",670.00$,-725.88$,4.45$
"Sep 2024","Monthly: Daycare","Monthly","Daycare",0.00$,0.00$,0.00$
"Sep 2024","Monthly: Life Insurance","Monthly","Life Insurance",0.00$,0.00$,0.00$
"Sep 2024","Cumulative: Fees","Cumulative","Fees",0.00$,0.00$,101.87$
"Sep 2024","Cumulative: Progeny","Cumulative","Progeny",120.00$,-263.46$,1244.12$
"Sep 2024","Cumulative: Books & Education","Cumulative","Books & Education",65.00$,-29.36$,105.76$
"Sep 2024","Cumulative: Miscellaneous","Cumulative","Miscellaneous",10.00$,0.00$,150.23$
"Sep 2024","Cumulative: Car","Cumulative","Car",450.00$,-219.86$,1124.12$
"Sep 2024","Cumulative: Health & Pharmacy","Cumulative","Health & Pharmacy",75.00$,-14.78$,177.08$
"Sep 2024","Cumulative: Clothes","Cumulative","Clothes",150.00$,0.00$,479.68$
"Sep 2024","Cumulative: Eating Out","Cumulative","Eating Out",120.00$,-120.22$,2.27$
"Sep 2024","Cumulative: Fun, Dates & Hobbies","Cumulative","Fun, Dates & Hobbies",0.00$,-28.16$,199.86$
"Sep 2024","Cumulative: Gifts","Cumulative","Gifts",200.00$,-62.82$,466.99$
"Sep 2024","Cumulative: Exercise","Cumulative","Exercise",0.00$,0.00$,341.83$
"Sep 2024","Cumulative: Home Improvement","Cumulative","Home Improvement",0.00$,-42.92$,174.31$
"Sep 2024","Cumulative: Public Transportation","Cumulative","Public Transportation",50.00$,0.00$,50.00$
"Sep 2024","Cumulative: Bike","Cumulative","Bike",40.00$,0.00$,219.27$
"Sep 2024","Cumulative: Special Splurge","Cumulative","Special Splurge",0.00$,0.00$,0.00$
"Sep 2024","Cumulative: Tim's Choice","Cumulative","Tim's Choice",100.00$,0.00$,1125.73$
"Sep 2024","Cumulative: Vivian's Choice","Cumulative","Vivian's Choice",100.00$,-213.26$,834.08$
"Sep 2024","Cumulative: Weddings","Cumulative","Weddings",0.00$,0.00$,323.58$
"Sep 2024","Cumulative: Travel","Cumulative","Travel",700.00$,0.00$,9050.06$
"Sep 2024","Tax Deductible: Koala Budget","Tax Deductible","Koala Budget",0.00$,0.00$,0.00$
"Sep 2024","Tax Deductible: Timmy's Work","Tax Deductible","Timmy's Work",405.96$,-405.96$,0.00$
"Sep 2024","Tax Deductible: Vivian's Work","Tax Deductible","Vivian's Work",0.00$,0.00$,0.00$
"Sep 2024","Tax Deductible: Medical","Tax Deductible","Medical",300.00$,-290.00$,10.57$
"Sep 2024","Tax Deductible: God's Money","Tax Deductible","God's Money",800.00$,-473.00$,4111.00$
"Sep 2024","Savings: RESP","Savings","RESP",0.00$,0.00$,0.00$
"Sep 2024","Savings: Retirement","Savings","Retirement",915.75$,-915.75$,0.00$
"Sep 2024","Savings: Emergency Fund","Savings","Emergency Fund",0.00$,0.00$,0.00$
"Sep 2024","Savings: House","Savings","House",4780.00$,-4913.00$,-133.00$
"Sep 2024","Savings: Investment Gain/Loss","Savings","Investment Gain/Loss",0.00$,0.00$,0.00$
"Sep 2024","Savings: Savings Expenses","Savings","Savings Expenses",0.00$,0.00$,0.00$
"Sep 2024","Hidden Categories: Rent","Hidden Categories","Rent",1639.96$,-1639.96$,0.00$
"Sep 2024","Hidden Categories: Hydro","Hidden Categories","Hydro",100.00$,-176.71$,5.37$
"Sep 2024","Hidden Categories: Moving & Home Setup","Hidden Categories","Moving & Home Setup",0.00$,0.00$,0.00$
"Sep 2024","Hidden Categories: Alcohol","Hidden Categories","Alcohol",0.00$,0.00$,0.00$
"Sep 2024","Hidden Categories: Vivian COGS","Hidden Categories","Vivian COGS",0.00$,0.00$,0.00$
"Sep 2024","Hidden Categories: Income Tax and HST","Hidden Categories","Income Tax and HST",0.00$,0.00$,513.64$
"Sep 2024","Hidden Categories: Moving Out Fund","Hidden Categories","Moving Out Fund",0.00$,0.00$,0.00$
"Sep 2024","Hidden Categories: Publishing","Hidden Categories","Publishing",0.00$,0.00$,0.00$
"Sep 2024","Hidden Categories: Tuition","Hidden Categories","Tuition",0.00$,0.00$,0.00$
"Oct 2024","Credit Card Payments: Credit Card (TG)","Credit Card Payments","Credit Card (TG)",0.00$,1393.91$,3501.28$
"Oct 2024","Credit Card Payments: Reconcile account","Credit Card Payments","Reconcile account",-13692.25$,729.75$,18.00$
"Oct 2024","Credit Card Payments: BBC Visa","Credit Card Payments","BBC Visa",0.00$,260.03$,260.03$
"Oct 2024","Credit Card Payments: TD Travel Visa","Credit Card Payments","TD Travel Visa",0.00$,6004.30$,6004.30$
"Oct 2024","Credit Card Payments: Viv's Credit Card (TG)","Credit Card Payments","Viv's Credit Card (TG)",0.00$,0.00$,0.00$
"Oct 2024","Credit Card Payments: WS Credit Card","Credit Card Payments","WS Credit Card",0.00$,0.00$,0.00$
"Oct 2024","Monthly: Amroth House","Monthly","Amroth House",0.00$,0.00$,0.00$
"Oct 2024","Monthly: Internet","Monthly","Internet",56.50$,-56.50$,0.00$
"Oct 2024","Monthly: Cellphone","Monthly","Cellphone",100.00$,-96.06$,36.64$
"Oct 2024","Monthly: Groceries","Monthly","Groceries",605.00$,-606.33$,3.12$
"Oct 2024","Monthly: Daycare","Monthly","Daycare",0.00$,0.00$,0.00$
"Oct 2024","Monthly: Life Insurance","Monthly","Life Insurance",0.00$,0.00$,0.00$
"Oct 2024","Cumulative: Fees","Cumulative","Fees",470.00$,-565.00$,6.87$
"Oct 2024","Cumulative: Progeny","Cumulative","Progeny",80.00$,-106.81$,1217.31$
"Oct 2024","Cumulative: Books & Education","Cumulative","Books & Education",65.00$,-29.36$,141.40$
"Oct 2024","Cumulative: Miscellaneous","Cumulative","Miscellaneous",10.00$,0.00$,160.23$
"Oct 2024","Cumulative: Car","Cumulative","Car",450.00$,-425.88$,1148.24$
"Oct 2024","Cumulative: Health & Pharmacy","Cumulative","Health & Pharmacy",75.00$,-129.66$,122.42$
"Oct 2024","Cumulative: Clothes","Cumulative","Clothes",150.00$,-69.12$,560.56$
"Oct 2024","Cumulative: Eating Out","Cumulative","Eating Out",120.00$,-24.00$,98.27$
"Oct 2024","Cumulative: Fun, Dates & Hobbies","Cumulative","Fun, Dates & Hobbies",0.00$,-115.52$,84.34$
"Oct 2024","Cumulative: Gifts","Cumulative","Gifts",200.00$,0.00$,666.99$
"Oct 2024","Cumulative: Exercise","Cumulative","Exercise",0.00$,0.00$,341.83$
"Oct 2024","Cumulative: Home Improvement","Cumulative","Home Improvement",20.00$,-192.88$,1.43$
"Oct 2024","Cumulative: Public Transportation","Cumulative","Public Transportation",50.00$,-50.00$,50.00$
"Oct 2024","Cumulative: Bike","Cumulative","Bike",40.00$,0.00$,259.27$
"Oct 2024","Cumulative: Special Splurge","Cumulative","Special Splurge",0.00$,0.00$,0.00$
"Oct 2024","Cumulative: Tim's Choice","Cumulative","Tim's Choice",60.00$,-1179.00$,6.73$
"Oct 2024","Cumulative: Vivian's Choice","Cumulative","Vivian's Choice",60.00$,0.00$,894.08$
"Oct 2024","Cumulative: Weddings","Cumulative","Weddings",0.00$,0.00$,323.58$
"Oct 2024","Cumulative: Travel","Cumulative","Travel",700.00$,-6068.31$,3681.75$
"Oct 2024","Tax Deductible: Koala Budget","Tax Deductible","Koala Budget",0.00$,0.00$,0.00$
"Oct 2024","Tax Deductible: Timmy's Work","Tax Deductible","Timmy's Work",3907.39$,-3907.39$,0.00$
"Oct 2024","Tax Deductible: Vivian's Work","Tax Deductible","Vivian's Work",0.00$,0.00$,0.00$
"Oct 2024","Tax Deductible: Medical","Tax Deductible","Medical",-200.00$,399.93$,210.50$
"Oct 2024","Tax Deductible: God's Money","Tax Deductible","God's Money",900.00$,-710.50$,4300.50$
"Oct 2024","Savings: RESP","Savings","RESP",0.00$,0.00$,0.00$
"Oct 2024","Savings: Retirement","Savings","Retirement",915.75$,-915.75$,0.00$
"Oct 2024","Savings: Emergency Fund","Savings","Emergency Fund",0.00$,0.00$,0.00$
"Oct 2024","Savings: House","Savings","House",4606.00$,-4606.00$,0.00$
"Oct 2024","Savings: Investment Gain/Loss","Savings","Investment Gain/Loss",0.00$,0.00$,0.00$
"Oct 2024","Savings: Savings Expenses","Savings","Savings Expenses",0.00$,0.00$,0.00$
"Oct 2024","Hidden Categories: Rent","Hidden Categories","Rent",1639.96$,-1639.96$,0.00$
"Oct 2024","Hidden Categories: Hydro","Hidden Categories","Hydro",100.00$,-54.66$,50.71$
"Oct 2024","Hidden Categories: Moving & Home Setup","Hidden Categories","Moving & Home Setup",0.00$,0.00$,0.00$
"Oct 2024","Hidden Categories: Alcohol","Hidden Categories","Alcohol",0.00$,0.00$,0.00$
"Oct 2024","Hidden Categories: Vivian COGS","Hidden Categories","Vivian COGS",0.00$,0.00$,0.00$
"Oct 2024","Hidden Categories: Income Tax and HST","Hidden Categories","Income Tax and HST",400.00$,-419.73$,493.91$
"Oct 2024","Hidden Categories: Moving Out Fund","Hidden Categories","Moving Out Fund",0.00$,0.00$,0.00$
"Oct 2024","Hidden Categories: Publishing","Hidden Categories","Publishing",0.00$,0.00$,0.00$
"Oct 2024","Hidden Categories: Tuition","Hidden Categories","Tuition",0.00$,0.00$,0.00$
"Nov 2024","Credit Card Payments: Credit Card (TG)","Credit Card Payments","Credit Card (TG)",0.00$,3052.98$,6554.26$
"Nov 2024","Credit Card Payments: Reconcile account","Credit Card Payments","Reconcile account",0.00$,735.75$,753.75$
"Nov 2024","Credit Card Payments: BBC Visa","Credit Card Payments","BBC Visa",0.00$,1107.52$,1367.55$
"Nov 2024","Credit Card Payments: TD Travel Visa","Credit Card Payments","TD Travel Visa",0.00$,-5982.84$,21.46$
"Nov 2024","Credit Card Payments: Viv's Credit Card (TG)","Credit Card Payments","Viv's Credit Card (TG)",0.00$,0.00$,0.00$
"Nov 2024","Credit Card Payments: WS Credit Card","Credit Card Payments","WS Credit Card",0.00$,0.00$,0.00$
"Nov 2024","Monthly: Amroth House","Monthly","Amroth House",0.00$,0.00$,0.00$
"Nov 2024","Monthly: Internet","Monthly","Internet",56.50$,-56.50$,0.00$
"Nov 2024","Monthly: Cellphone","Monthly","Cellphone",100.00$,-97.19$,39.45$
"Nov 2024","Monthly: Groceries","Monthly","Groceries",150.00$,-112.67$,40.45$
"Nov 2024","Monthly: Daycare","Monthly","Daycare",0.00$,0.00$,0.00$
"Nov 2024","Monthly: Life Insurance","Monthly","Life Insurance",0.00$,0.00$,0.00$
"Nov 2024","Cumulative: Fees","Cumulative","Fees",94.04$,0.00$,100.91$
"Nov 2024","Cumulative: Progeny","Cumulative","Progeny",80.00$,0.00$,1297.31$
"Nov 2024","Cumulative: Books & Education","Cumulative","Books & Education",65.00$,-29.36$,177.04$
"Nov 2024","Cumulative: Miscellaneous","Cumulative","Miscellaneous",10.00$,-15.74$,154.49$
"Nov 2024","Cumulative: Car","Cumulative","Car",450.00$,-203.21$,1395.03$
"Nov 2024","Cumulative: Health & Pharmacy","Cumulative","Health & Pharmacy",75.00$,-52.48$,144.94$
"Nov 2024","Cumulative: Clothes","Cumulative","Clothes",150.00$,0.00$,710.56$
"Nov 2024","Cumulative: Eating Out","Cumulative","Eating Out",120.00$,-8.42$,209.85$
"Nov 2024","Cumulative: Fun, Dates & Hobbies","Cumulative","Fun, Dates & Hobbies",0.00$,-42.00$,42.34$
"Nov 2024","Cumulative: Gifts","Cumulative","Gifts",200.00$,-53.86$,813.13$
"Nov 2024","Cumulative: Exercise","Cumulative","Exercise",0.00$,0.00$,341.83$
"Nov 2024","Cumulative: Home Improvement","Cumulative","Home Improvement",20.00$,0.00$,21.43$
"Nov 2024","Cumulative: Public Transportation","Cumulative","Public Transportation",50.00$,0.00$,100.00$
"Nov 2024","Cumulative: Bike","Cumulative","Bike",40.00$,0.00$,299.27$
"Nov 2024","Cumulative: Special Splurge","Cumulative","Special Splurge",0.00$,0.00$,0.00$
"Nov 2024","Cumulative: Tim's Choice","Cumulative","Tim's Choice",60.00$,0.00$,66.73$
"Nov 2024","Cumulative: Vivian's Choice","Cumulative","Vivian's Choice",60.00$,0.00$,954.08$
"Nov 2024","Cumulative: Weddings","Cumulative","Weddings",0.00$,0.00$,323.58$
"Nov 2024","Cumulative: Travel","Cumulative","Travel",700.00$,-2244.37$,2137.38$
"Nov 2024","Tax Deductible: Koala Budget","Tax Deductible","Koala Budget",0.00$,0.00$,0.00$
"Nov 2024","Tax Deductible: Timmy's Work","Tax Deductible","Timmy's Work",8168.50$,-8168.50$,0.00$
"Nov 2024","Tax Deductible: Vivian's Work","Tax Deductible","Vivian's Work",0.00$,0.00$,0.00$
"Nov 2024","Tax Deductible: Medical","Tax Deductible","Medical",-200.00$,0.00$,10.50$
"Nov 2024","Tax Deductible: God's Money","Tax Deductible","God's Money",1000.00$,-3713.00$,1587.50$
"Nov 2024","Savings: RESP","Savings","RESP",0.00$,0.00$,0.00$
"Nov 2024","Savings: Retirement","Savings","Retirement",915.75$,-915.75$,0.00$
"Nov 2024","Savings: Emergency Fund","Savings","Emergency Fund",0.00$,0.00$,0.00$
"Nov 2024","Savings: House","Savings","House",0.00$,0.00$,0.00$
"Nov 2024","Savings: Investment Gain/Loss","Savings","Investment Gain/Loss",0.00$,0.00$,0.00$
"Nov 2024","Savings: Savings Expenses","Savings","Savings Expenses",0.00$,0.00$,0.00$
"Nov 2024","Hidden Categories: Rent","Hidden Categories","Rent",1639.96$,-1639.96$,0.00$
"Nov 2024","Hidden Categories: Hydro","Hidden Categories","Hydro",100.00$,-73.81$,76.90$
"Nov 2024","Hidden Categories: Moving & Home Setup","Hidden Categories","Moving & Home Setup",0.00$,0.00$,0.00$
"Nov 2024","Hidden Categories: Alcohol","Hidden Categories","Alcohol",0.00$,0.00$,0.00$
"Nov 2024","Hidden Categories: Vivian COGS","Hidden Categories","Vivian COGS",0.00$,0.00$,0.00$
"Nov 2024","Hidden Categories: Income Tax and HST","Hidden Categories","Income Tax and HST",400.00$,0.00$,893.91$
"Nov 2024","Hidden Categories: Moving Out Fund","Hidden Categories","Moving Out Fund",0.00$,0.00$,0.00$
"Nov 2024","Hidden Categories: Publishing","Hidden Categories","Publishing",0.00$,0.00$,0.00$
"Nov 2024","Hidden Categories: Tuition","Hidden Categories","Tuition",0.00$,0.00$,0.00$
"Dec 2024","Credit Card Payments: Credit Card (TG)","Credit Card Payments","Credit Card (TG)",0.00$,-4638.92$,1915.34$
"Dec 2024","Credit Card Payments: Reconcile account","Credit Card Payments","Reconcile account",0.00$,-699.25$,54.50$
"Dec 2024","Credit Card Payments: BBC Visa","Credit Card Payments","BBC Visa",0.00$,-976.16$,391.39$
"Dec 2024","Credit Card Payments: TD Travel Visa","Credit Card Payments","TD Travel Visa",0.00$,-21.46$,0.00$
"Dec 2024","Credit Card Payments: Viv's Credit Card (TG)","Credit Card Payments","Viv's Credit Card (TG)",0.00$,1996.26$,1996.26$
"Dec 2024","Credit Card Payments: WS Credit Card","Credit Card Payments","WS Credit Card",0.00$,0.00$,0.00$
"Dec 2024","Monthly: Amroth House","Monthly","Amroth House",0.00$,0.00$,0.00$
"Dec 2024","Monthly: Internet","Monthly","Internet",56.50$,-56.50$,0.00$
"Dec 2024","Monthly: Cellphone","Monthly","Cellphone",100.00$,-97.01$,42.44$
"Dec 2024","Monthly: Groceries","Monthly","Groceries",820.00$,-973.37$,-112.92$
"Dec 2024","Monthly: Daycare","Monthly","Daycare",0.00$,0.00$,0.00$
"Dec 2024","Monthly: Life Insurance","Monthly","Life Insurance",0.00$,0.00$,0.00$
"Dec 2024","Cumulative: Fees","Cumulative","Fees",-0.91$,0.00$,100.00$
"Dec 2024","Cumulative: Progeny","Cumulative","Progeny",80.00$,-147.63$,1229.68$
"Dec 2024","Cumulative: Books & Education","Cumulative","Books & Education",65.00$,-106.91$,135.13$
"Dec 2024","Cumulative: Miscellaneous","Cumulative","Miscellaneous",10.00$,0.00$,164.49$
"Dec 2024","Cumulative: Car","Cumulative","Car",450.00$,-487.15$,1357.88$
"Dec 2024","Cumulative: Health & Pharmacy","Cumulative","Health & Pharmacy",0.00$,-19.20$,125.74$
"Dec 2024","Cumulative: Clothes","Cumulative","Clothes",150.00$,-324.11$,536.45$
"Dec 2024","Cumulative: Eating Out","Cumulative","Eating Out",120.00$,-196.30$,133.55$
"Dec 2024","Cumulative: Fun, Dates & Hobbies","Cumulative","Fun, Dates & Hobbies",0.00$,0.00$,42.34$
"Dec 2024","Cumulative: Gifts","Cumulative","Gifts",200.00$,-787.89$,225.24$
"Dec 2024","Cumulative: Exercise","Cumulative","Exercise",0.00$,0.00$,341.83$
"Dec 2024","Cumulative: Home Improvement","Cumulative","Home Improvement",70.00$,-91.43$,0.00$
"Dec 2024","Cumulative: Public Transportation","Cumulative","Public Transportation",50.00$,-133.30$,16.70$
"Dec 2024","Cumulative: Bike","Cumulative","Bike",40.00$,0.00$,339.27$
"Dec 2024","Cumulative: Special Splurge","Cumulative","Special Splurge",0.00$,0.00$,0.00$
"Dec 2024","Cumulative: Tim's Choice","Cumulative","Tim's Choice",60.00$,0.00$,126.73$
"Dec 2024","Cumulative: Vivian's Choice","Cumulative","Vivian's Choice",60.00$,0.00$,1014.08$
"Dec 2024","Cumulative: Weddings","Cumulative","Weddings",0.00$,0.00$,323.58$
"Dec 2024","Cumulative: Travel","Cumulative","Travel",700.00$,-2723.87$,113.51$
"Dec 2024","Tax Deductible: Koala Budget","Tax Deductible","Koala Budget",0.00$,0.00$,0.00$
"Dec 2024","Tax Deductible: Timmy's Work","Tax Deductible","Timmy's Work",749.73$,-749.73$,0.00$
"Dec 2024","Tax Deductible: Vivian's Work","Tax Deductible","Vivian's Work",0.00$,0.00$,0.00$
"Dec 2024","Tax Deductible: Medical","Tax Deductible","Medical",280.75$,-291.25$,0.00$
"Dec 2024","Tax Deductible: God's Money","Tax Deductible","God's Money",432.00$,-783.00$,1236.50$
"Dec 2024","Savings: RESP","Savings","RESP",0.00$,0.00$,0.00$
"Dec 2024","Savings: Retirement","Savings","Retirement",915.75$,579.25$,1495.00$
"Dec 2024","Savings: Emergency Fund","Savings","Emergency Fund",0.00$,0.00$,0.00$
"Dec 2024","Savings: House","Savings","House",0.00$,0.00$,0.00$
"Dec 2024","Savings: Investment Gain/Loss","Savings","Investment Gain/Loss",0.00$,0.00$,0.00$
"Dec 2024","Savings: Savings Expenses","Savings","Savings Expenses",0.00$,0.00$,0.00$
"Dec 2024","Hidden Categories: Rent","Hidden Categories","Rent",1639.96$,-1639.96$,0.00$
"Dec 2024","Hidden Categories: Hydro","Hidden Categories","Hydro",113.02$,-189.92$,0.00$
"Dec 2024","Hidden Categories: Moving & Home Setup","Hidden Categories","Moving & Home Setup",0.00$,0.00$,0.00$
"Dec 2024","Hidden Categories: Alcohol","Hidden Categories","Alcohol",0.00$,0.00$,0.00$
"Dec 2024","Hidden Categories: Vivian COGS","Hidden Categories","Vivian COGS",0.00$,0.00$,0.00$
"Dec 2024","Hidden Categories: Income Tax and HST","Hidden Categories","Income Tax and HST",400.00$,0.00$,1293.91$
"Dec 2024","Hidden Categories: Moving Out Fund","Hidden Categories","Moving Out Fund",0.00$,0.00$,0.00$
"Dec 2024","Hidden Categories: Publishing","Hidden Categories","Publishing",0.00$,0.00$,0.00$
"Dec 2024","Hidden Categories: Tuition","Hidden Categories","Tuition",0.00$,0.00$,0.00$
"Jan 2025","Credit Card Payments: Credit Card (TG)","Credit Card Payments","Credit Card (TG)",0.00$,-1064.48$,850.86$
"Jan 2025","Credit Card Payments: Reconcile account","Credit Card Payments","Reconcile account",0.00$,72.00$,126.50$
"Jan 2025","Credit Card Payments: BBC Visa","Credit Card Payments","BBC Visa",0.00$,0.00$,391.39$
"Jan 2025","Credit Card Payments: TD Travel Visa","Credit Card Payments","TD Travel Visa",0.00$,0.00$,0.00$
"Jan 2025","Credit Card Payments: Viv's Credit Card (TG)","Credit Card Payments","Viv's Credit Card (TG)",0.00$,-1609.31$,386.95$
"Jan 2025","Credit Card Payments: WS Credit Card","Credit Card Payments","WS Credit Card",0.00$,0.00$,0.00$
"Jan 2025","Monthly: Amroth House","Monthly","Amroth House",0.00$,0.00$,0.00$
"Jan 2025","Monthly: Internet","Monthly","Internet",56.50$,-56.50$,0.00$
"Jan 2025","Monthly: Cellphone","Monthly","Cellphone",35.76$,-78.20$,0.00$
"Jan 2025","Monthly: Groceries","Monthly","Groceries",810.00$,-809.30$,0.70$
"Jan 2025","Monthly: Daycare","Monthly","Daycare",0.00$,0.00$,0.00$
"Jan 2025","Monthly: Life Insurance","Monthly","Life Insurance",0.00$,0.00$,0.00$
"Jan 2025","Cumulative: Fees","Cumulative","Fees",0.00$,0.00$,100.00$
"Jan 2025","Cumulative: Progeny","Cumulative","Progeny",80.00$,0.00$,1309.68$
"Jan 2025","Cumulative: Books & Education","Cumulative","Books & Education",50.00$,-59.76$,125.37$
"Jan 2025","Cumulative: Miscellaneous","Cumulative","Miscellaneous",10.00$,-31.63$,142.86$
"Jan 2025","Cumulative: Car","Cumulative","Car",450.00$,-148.66$,1659.22$
"Jan 2025","Cumulative: Health & Pharmacy","Cumulative","Health & Pharmacy",50.00$,-44.84$,130.90$
"Jan 2025","Cumulative: Clothes","Cumulative","Clothes",100.00$,-66.30$,570.15$
"Jan 2025","Cumulative: Eating Out","Cumulative","Eating Out",60.00$,-16.98$,176.57$
"Jan 2025","Cumulative: Fun, Dates & Hobbies","Cumulative","Fun, Dates & Hobbies",100.00$,-12.23$,130.11$
"Jan 2025","Cumulative: Gifts","Cumulative","Gifts",150.00$,-361.51$,13.73$
"Jan 2025","Cumulative: Exercise","Cumulative","Exercise",0.00$,0.00$,341.83$
"Jan 2025","Cumulative: Home Improvement","Cumulative","Home Improvement",70.00$,-13.68$,56.32$
"Jan 2025","Cumulative: Public Transportation","Cumulative","Public Transportation",100.00$,-40.00$,76.70$
"Jan 2025","Cumulative: Bike","Cumulative","Bike",20.00$,0.00$,359.27$
"Jan 2025","Cumulative: Special Splurge","Cumulative","Special Splurge",0.00$,0.00$,0.00$
"Jan 2025","Cumulative: Tim's Choice","Cumulative","Tim's Choice",60.00$,0.00$,186.73$
"Jan 2025","Cumulative: Vivian's Choice","Cumulative","Vivian's Choice",60.00$,0.00$,1074.08$
"Jan 2025","Cumulative: Weddings","Cumulative","Weddings",450.00$,0.00$,773.58$
"Jan 2025","Cumulative: Travel","Cumulative","Travel",100.00$,0.00$,213.51$
"Jan 2025","Tax Deductible: Koala Budget","Tax Deductible","Koala Budget",0.00$,0.00$,0.00$
"Jan 2025","Tax Deductible: Timmy's Work","Tax Deductible","Timmy's Work",4513.38$,-10.59$,4502.79$
"Jan 2025","Tax Deductible: Vivian's Work","Tax Deductible","Vivian's Work",0.00$,0.00$,0.00$
"Jan 2025","Tax Deductible: Medical","Tax Deductible","Medical",-320.00$,320.00$,0.00$
"Jan 2025","Tax Deductible: God's Money","Tax Deductible","God's Money",1400.00$,-1953.00$,683.50$
"Jan 2025","Savings: RESP","Savings","RESP",0.00$,0.00$,0.00$
"Jan 2025","Savings: Retirement","Savings","Retirement",-1183.00$,-1262.03$,-950.03$
"Jan 2025","Savings: Emergency Fund","Savings","Emergency Fund",0.00$,0.00$,0.00$
"Jan 2025","Savings: House","Savings","House",0.00$,0.00$,0.00$
"Jan 2025","Savings: Investment Gain/Loss","Savings","Investment Gain/Loss",0.00$,0.00$,0.00$
"Jan 2025","Savings: Savings Expenses","Savings","Savings Expenses",0.00$,0.00$,0.00$
"Jan 2025","Hidden Categories: Rent","Hidden Categories","Rent",1639.96$,-1639.96$,0.00$
"Jan 2025","Hidden Categories: Hydro","Hidden Categories","Hydro",110.00$,-67.66$,42.34$
"Jan 2025","Hidden Categories: Moving & Home Setup","Hidden Categories","Moving & Home Setup",125.00$,0.00$,125.00$
"Jan 2025","Hidden Categories: Alcohol","Hidden Categories","Alcohol",0.00$,0.00$,0.00$
"Jan 2025","Hidden Categories: Vivian COGS","Hidden Categories","Vivian COGS",0.00$,0.00$,0.00$
"Jan 2025","Hidden Categories: Income Tax and HST","Hidden Categories","Income Tax and HST",0.00$,0.00$,1293.91$
"Jan 2025","Hidden Categories: Moving Out Fund","Hidden Categories","Moving Out Fund",0.00$,0.00$,0.00$
"Jan 2025","Hidden Categories: Publishing","Hidden Categories","Publishing",0.00$,0.00$,0.00$
"Jan 2025","Hidden Categories: Tuition","Hidden Categories","Tuition",0.00$,0.00$,0.00$
"Feb 2025","Credit Card Payments: Credit Card (TG)","Credit Card Payments","Credit Card (TG)",0.00$,-1565.26$,-714.40$
"Feb 2025","Credit Card Payments: Reconcile account","Credit Card Payments","Reconcile account",0.00$,795.75$,922.25$
"Feb 2025","Credit Card Payments: BBC Visa","Credit Card Payments","BBC Visa",0.00$,-1051.40$,-660.01$
"Feb 2025","Credit Card Payments: TD Travel Visa","Credit Card Payments","TD Travel Visa",0.00$,0.00$,0.00$
"Feb 2025","Credit Card Payments: Viv's Credit Card (TG)","Credit Card Payments","Viv's Credit Card (TG)",0.00$,1280.02$,1666.97$
"Feb 2025","Credit Card Payments: WS Credit Card","Credit Card Payments","WS Credit Card",0.00$,0.00$,0.00$
"Feb 2025","Monthly: Amroth House","Monthly","Amroth House",0.00$,0.00$,0.00$
"Feb 2025","Monthly: Internet","Monthly","Internet",56.50$,-56.50$,0.00$
"Feb 2025","Monthly: Cellphone","Monthly","Cellphone",78.20$,-78.20$,0.00$
"Feb 2025","Monthly: Groceries","Monthly","Groceries",600.00$,-545.22$,55.48$
"Feb 2025","Monthly: Daycare","Monthly","Daycare",0.00$,0.00$,0.00$
"Feb 2025","Monthly: Life Insurance","Monthly","Life Insurance",0.00$,0.00$,0.00$
"Feb 2025","Cumulative: Fees","Cumulative","Fees",0.00$,0.00$,100.00$
"Feb 2025","Cumulative: Progeny","Cumulative","Progeny",0.00$,0.00$,1309.68$
"Feb 2025","Cumulative: Books & Education","Cumulative","Books & Education",0.00$,-1.04$,124.33$
"Feb 2025","Cumulative: Miscellaneous","Cumulative","Miscellaneous",0.00$,0.00$,142.86$
"Feb 2025","Cumulative: Car","Cumulative","Car",450.00$,-239.33$,1869.89$
"Feb 2025","Cumulative: Health & Pharmacy","Cumulative","Health & Pharmacy",0.00$,-7.98$,122.92$
"Feb 2025","Cumulative: Clothes","Cumulative","Clothes",0.00$,-217.42$,352.73$
"Feb 2025","Cumulative: Eating Out","Cumulative","Eating Out",0.00$,0.00$,176.57$
"Feb 2025","Cumulative: Fun, Dates & Hobbies","Cumulative","Fun, Dates & Hobbies",0.00$,-25.28$,104.83$
"Feb 2025","Cumulative: Gifts","Cumulative","Gifts",150.00$,-134.10$,29.63$
"Feb 2025","Cumulative: Exercise","Cumulative","Exercise",0.00$,-200.00$,141.83$
"Feb 2025","Cumulative: Home Improvement","Cumulative","Home Improvement",70.00$,-13.55$,112.77$
"Feb 2025","Cumulative: Public Transportation","Cumulative","Public Transportation",50.00$,-80.00$,46.70$
"Feb 2025","Cumulative: Bike","Cumulative","Bike",0.00$,0.00$,359.27$
"Feb 2025","Cumulative: Special Splurge","Cumulative","Special Splurge",0.00$,0.00$,0.00$
"Feb 2025","Cumulative: Tim's Choice","Cumulative","Tim's Choice",60.00$,0.00$,246.73$
"Feb 2025","Cumulative: Vivian's Choice","Cumulative","Vivian's Choice",60.00$,-10.30$,1123.78$
"Feb 2025","Cumulative: Weddings","Cumulative","Weddings",450.00$,0.00$,1223.58$
"Feb 2025","Cumulative: Travel","Cumulative","Travel",100.00$,0.00$,313.51$
"Feb 2025","Tax Deductible: Koala Budget","Tax Deductible","Koala Budget",0.00$,0.00$,0.00$
"Feb 2025","Tax Deductible: Timmy's Work","Tax Deductible","Timmy's Work",592.48$,0.00$,5095.27$
"Feb 2025","Tax Deductible: Vivian's Work","Tax Deductible","Vivian's Work",0.00$,0.00$,0.00$
"Feb 2025","Tax Deductible: Medical","Tax Deductible","Medical",555.00$,-555.00$,0.00$
"Feb 2025","Tax Deductible: God's Money","Tax Deductible","God's Money",750.00$,-762.00$,671.50$
"Feb 2025","Savings: RESP","Savings","RESP",0.00$,0.00$,0.00$
"Feb 2025","Savings: Retirement","Savings","Retirement",915.75$,-915.75$,0.00$
"Feb 2025","Savings: Emergency Fund","Savings","Emergency Fund",0.00$,0.00$,0.00$
"Feb 2025","Savings: House","Savings","House",17000.00$,-17000.00$,0.00$
"Feb 2025","Savings: Investment Gain/Loss","Savings","Investment Gain/Loss",0.00$,0.00$,0.00$
"Feb 2025","Savings: Savings Expenses","Savings","Savings Expenses",0.00$,0.00$,0.00$
"Feb 2025","Hidden Categories: Rent","Hidden Categories","Rent",1639.96$,-1639.96$,0.00$
"Feb 2025","Hidden Categories: Hydro","Hidden Categories","Hydro",110.00$,-76.59$,75.75$
"Feb 2025","Hidden Categories: Moving & Home Setup","Hidden Categories","Moving & Home Setup",0.00$,0.00$,125.00$
"Feb 2025","Hidden Categories: Alcohol","Hidden Categories","Alcohol",0.00$,0.00$,0.00$
"Feb 2025","Hidden Categories: Vivian COGS","Hidden Categories","Vivian COGS",0.00$,0.00$,0.00$
"Feb 2025","Hidden Categories: Income Tax and HST","Hidden Categories","Income Tax and HST",300.00$,0.00$,1593.91$
"Feb 2025","Hidden Categories: Moving Out Fund","Hidden Categories","Moving Out Fund",0.00$,0.00$,0.00$
"Feb 2025","Hidden Categories: Publishing","Hidden Categories","Publishing",0.00$,0.00$,0.00$
"Feb 2025","Hidden Categories: Tuition","Hidden Categories","Tuition",0.00$,0.00$,0.00$
"Mar 2025","Credit Card Payments: Credit Card (TG)","Credit Card Payments","Credit Card (TG)",0.00$,-47.52$,-47.52$
"Mar 2025","Credit Card Payments: Reconcile account","Credit Card Payments","Reconcile account",0.00$,735.75$,1658.00$
"Mar 2025","Credit Card Payments: BBC Visa","Credit Card Payments","BBC Visa",0.00$,-773.10$,-773.10$
"Mar 2025","Credit Card Payments: TD Travel Visa","Credit Card Payments","TD Travel Visa",0.00$,0.00$,0.00$
"Mar 2025","Credit Card Payments: Viv's Credit Card (TG)","Credit Card Payments","Viv's Credit Card (TG)",0.00$,-1486.44$,180.53$
"Mar 2025","Credit Card Payments: WS Credit Card","Credit Card Payments","WS Credit Card",0.00$,0.00$,0.00$
"Mar 2025","Monthly: Amroth House","Monthly","Amroth House",0.00$,0.00$,0.00$
"Mar 2025","Monthly: Internet","Monthly","Internet",56.50$,-56.50$,0.00$
"Mar 2025","Monthly: Cellphone","Monthly","Cellphone",78.20$,-78.20$,0.00$
"Mar 2025","Monthly: Groceries","Monthly","Groceries",700.00$,-986.43$,-230.95$
"Mar 2025","Monthly: Daycare","Monthly","Daycare",0.00$,0.00$,0.00$
"Mar 2025","Monthly: Life Insurance","Monthly","Life Insurance",0.00$,0.00$,0.00$
"Mar 2025","Cumulative: Fees","Cumulative","Fees",20.00$,-118.25$,1.75$
"Mar 2025","Cumulative: Progeny","Cumulative","Progeny",0.00$,-248.48$,1061.20$
"Mar 2025","Cumulative: Books & Education","Cumulative","Books & Education",20.00$,-27.26$,117.07$
"Mar 2025","Cumulative: Miscellaneous","Cumulative","Miscellaneous",0.00$,0.00$,142.86$
"Mar 2025","Cumulative: Car","Cumulative","Car",450.00$,-290.44$,2029.45$
"Mar 2025","Cumulative: Health & Pharmacy","Cumulative","Health & Pharmacy",20.00$,-144.39$,-1.47$
"Mar 2025","Cumulative: Clothes","Cumulative","Clothes",50.00$,-33.89$,368.84$
"Mar 2025","Cumulative: Eating Out","Cumulative","Eating Out",0.00$,-35.30$,141.27$
"Mar 2025","Cumulative: Fun, Dates & Hobbies","Cumulative","Fun, Dates & Hobbies",150.00$,-222.35$,32.48$
"Mar 2025","Cumulative: Gifts","Cumulative","Gifts",150.00$,-5.37$,174.26$
"Mar 2025","Cumulative: Exercise","Cumulative","Exercise",0.00$,0.00$,141.83$
"Mar 2025","Cumulative: Home Improvement","Cumulative","Home Improvement",70.00$,-149.99$,32.78$
"Mar 2025","Cumulative: Public Transportation","Cumulative","Public Transportation",85.00$,-130.00$,1.70$
"Mar 2025","Cumulative: Bike","Cumulative","Bike",0.00$,0.00$,359.27$
"Mar 2025","Cumulative: Special Splurge","Cumulative","Special Splurge",0.00$,0.00$,0.00$
"Mar 2025","Cumulative: Tim's Choice","Cumulative","Tim's Choice",60.00$,0.00$,306.73$
"Mar 2025","Cumulative: Vivian's Choice","Cumulative","Vivian's Choice",60.00$,-11.42$,1172.36$
"Mar 2025","Cumulative: Weddings","Cumulative","Weddings",450.00$,0.00$,1673.58$
"Mar 2025","Cumulative: Travel","Cumulative","Travel",100.00$,0.00$,413.51$
"Mar 2025","Tax Deductible: Koala Budget","Tax Deductible","Koala Budget",0.00$,0.00$,0.00$
"Mar 2025","Tax Deductible: Timmy's Work","Tax Deductible","Timmy's Work",-5095.27$,0.00$,0.00$
"Mar 2025","Tax Deductible: Vivian's Work","Tax Deductible","Vivian's Work",0.00$,0.00$,0.00$
"Mar 2025","Tax Deductible: Medical","Tax Deductible","Medical",68.00$,-68.00$,0.00$
"Mar 2025","Tax Deductible: God's Money","Tax Deductible","God's Money",910.00$,-744.00$,837.50$
"Mar 2025","Savings: RESP","Savings","RESP",0.00$,0.00$,0.00$
"Mar 2025","Savings: Retirement","Savings","Retirement",915.75$,-915.75$,0.00$
"Mar 2025","Savings: Emergency Fund","Savings","Emergency Fund",0.00$,0.00$,0.00$
"Mar 2025","Savings: House","Savings","House",4678.00$,-4678.00$,0.00$
"Mar 2025","Savings: Investment Gain/Loss","Savings","Investment Gain/Loss",0.00$,0.00$,0.00$
"Mar 2025","Savings: Savings Expenses","Savings","Savings Expenses",0.00$,0.00$,0.00$
"Mar 2025","Hidden Categories: Rent","Hidden Categories","Rent",1639.96$,-1639.96$,0.00$
"Mar 2025","Hidden Categories: Hydro","Hidden Categories","Hydro",110.00$,-78.80$,106.95$
"Mar 2025","Hidden Categories: Moving & Home Setup","Hidden Categories","Moving & Home Setup",250.00$,0.00$,375.00$
"Mar 2025","Hidden Categories: Alcohol","Hidden Categories","Alcohol",0.00$,0.00$,0.00$
"Mar 2025","Hidden Categories: Vivian COGS","Hidden Categories","Vivian COGS",0.00$,0.00$,0.00$
"Mar 2025","Hidden Categories: Income Tax and HST","Hidden Categories","Income Tax and HST",300.00$,0.00$,1893.91$
"Mar 2025","Hidden Categories: Moving Out Fund","Hidden Categories","Moving Out Fund",0.00$,0.00$,0.00$
"Mar 2025","Hidden Categories: Publishing","Hidden Categories","Publishing",0.00$,0.00$,0.00$
"Mar 2025","Hidden Categories: Tuition","Hidden Categories","Tuition",0.00$,0.00$,0.00$
"Apr 2025","Credit Card Payments: Credit Card (TG)","Credit Card Payments","Credit Card (TG)",0.00$,1553.81$,1553.81$
"Apr 2025","Credit Card Payments: Reconcile account","Credit Card Payments","Reconcile account",0.00$,735.75$,2393.75$
"Apr 2025","Credit Card Payments: BBC Visa","Credit Card Payments","BBC Visa",0.00$,0.00$,0.00$
"Apr 2025","Credit Card Payments: TD Travel Visa","Credit Card Payments","TD Travel Visa",0.00$,0.00$,0.00$
"Apr 2025","Credit Card Payments: Viv's Credit Card (TG)","Credit Card Payments","Viv's Credit Card (TG)",0.00$,282.08$,462.61$
"Apr 2025","Credit Card Payments: WS Credit Card","Credit Card Payments","WS Credit Card",0.00$,0.00$,0.00$
"Apr 2025","Monthly: Amroth House","Monthly","Amroth House",0.00$,0.00$,0.00$
"Apr 2025","Monthly: Internet","Monthly","Internet",56.50$,-56.50$,0.00$
"Apr 2025","Monthly: Cellphone","Monthly","Cellphone",78.20$,-84.75$,-6.55$
"Apr 2025","Monthly: Groceries","Monthly","Groceries",700.00$,-619.06$,80.94$
"Apr 2025","Monthly: Daycare","Monthly","Daycare",0.00$,0.00$,0.00$
"Apr 2025","Monthly: Life Insurance","Monthly","Life Insurance",0.00$,0.00$,0.00$
"Apr 2025","Cumulative: Fees","Cumulative","Fees",20.00$,0.00$,21.75$
"Apr 2025","Cumulative: Progeny","Cumulative","Progeny",0.00$,-191.31$,869.89$
"Apr 2025","Cumulative: Books & Education","Cumulative","Books & Education",3200.00$,-3272.47$,44.60$
"Apr 2025","Cumulative: Miscellaneous","Cumulative","Miscellaneous",0.00$,0.00$,142.86$
"Apr 2025","Cumulative: Car","Cumulative","Car",450.00$,-696.30$,1783.15$
"Apr 2025","Cumulative: Health & Pharmacy","Cumulative","Health & Pharmacy",20.00$,0.00$,20.00$
"Apr 2025","Cumulative: Clothes","Cumulative","Clothes",50.00$,-25.56$,393.28$
"Apr 2025","Cumulative: Eating Out","Cumulative","Eating Out",0.00$,-37.93$,103.34$
"Apr 2025","Cumulative: Fun, Dates & Hobbies","Cumulative","Fun, Dates & Hobbies",150.00$,-39.55$,142.93$
"Apr 2025","Cumulative: Gifts","Cumulative","Gifts",250.00$,-7.57$,416.69$
"Apr 2025","Cumulative: Exercise","Cumulative","Exercise",0.00$,0.00$,141.83$
"Apr 2025","Cumulative: Home Improvement","Cumulative","Home Improvement",70.00$,-39.88$,62.90$
"Apr 2025","Cumulative: Public Transportation","Cumulative","Public Transportation",85.00$,-80.00$,6.70$
"Apr 2025","Cumulative: Bike","Cumulative","Bike",0.00$,0.00$,359.27$
"Apr 2025","Cumulative: Special Splurge","Cumulative","Special Splurge",0.00$,0.00$,0.00$
"Apr 2025","Cumulative: Tim's Choice","Cumulative","Tim's Choice",60.00$,0.00$,366.73$
"Apr 2025","Cumulative: Vivian's Choice","Cumulative","Vivian's Choice",60.00$,0.00$,1232.36$
"Apr 2025","Cumulative: Weddings","Cumulative","Weddings",450.00$,-5.64$,2117.94$
"Apr 2025","Cumulative: Travel","Cumulative","Travel",100.00$,0.00$,513.51$
"Apr 2025","Tax Deductible: Koala Budget","Tax Deductible","Koala Budget",0.00$,0.00$,0.00$
"Apr 2025","Tax Deductible: Timmy's Work","Tax Deductible","Timmy's Work",0.00$,0.00$,0.00$
"Apr 2025","Tax Deductible: Vivian's Work","Tax Deductible","Vivian's Work",0.00$,0.00$,0.00$
"Apr 2025","Tax Deductible: Medical","Tax Deductible","Medical",75.00$,-75.00$,0.00$
"Apr 2025","Tax Deductible: God's Money","Tax Deductible","God's Money",1750.00$,-723.00$,1864.50$
"Apr 2025","Savings: RESP","Savings","RESP",0.00$,0.00$,0.00$
"Apr 2025","Savings: Retirement","Savings","Retirement",915.75$,-915.75$,0.00$
"Apr 2025","Savings: Emergency Fund","Savings","Emergency Fund",0.00$,0.00$,0.00$
"Apr 2025","Savings: House","Savings","House",4335.96$,0.00$,4335.96$
"Apr 2025","Savings: Investment Gain/Loss","Savings","Investment Gain/Loss",0.00$,0.00$,0.00$
"Apr 2025","Savings: Savings Expenses","Savings","Savings Expenses",0.00$,0.00$,0.00$
"Apr 2025","Hidden Categories: Rent","Hidden Categories","Rent",1639.96$,-1639.96$,0.00$
"Apr 2025","Hidden Categories: Hydro","Hidden Categories","Hydro",110.00$,-75.93$,141.02$
"Apr 2025","Hidden Categories: Moving & Home Setup","Hidden Categories","Moving & Home Setup",250.00$,0.00$,625.00$
"Apr 2025","Hidden Categories: Alcohol","Hidden Categories","Alcohol",0.00$,0.00$,0.00$
"Apr 2025","Hidden Categories: Vivian COGS","Hidden Categories","Vivian COGS",0.00$,0.00$,0.00$
"Apr 2025","Hidden Categories: Income Tax and HST","Hidden Categories","Income Tax and HST",0.00$,0.00$,1893.91$
"Apr 2025","Hidden Categories: Moving Out Fund","Hidden Categories","Moving Out Fund",0.00$,0.00$,0.00$
"Apr 2025","Hidden Categories: Publishing","Hidden Categories","Publishing",0.00$,-30.00$,-30.00$
"Apr 2025","Hidden Categories: Tuition","Hidden Categories","Tuition",0.00$,0.00$,0.00$
"May 2025","Credit Card Payments: Credit Card (TG)","Credit Card Payments","Credit Card (TG)",0.00$,-156.17$,1397.64$
"May 2025","Credit Card Payments: Reconcile account","Credit Card Payments","Reconcile account",0.00$,735.75$,3129.50$
"May 2025","Credit Card Payments: BBC Visa","Credit Card Payments","BBC Visa",0.00$,-1212.52$,-1212.52$
"May 2025","Credit Card Payments: TD Travel Visa","Credit Card Payments","TD Travel Visa",0.00$,0.00$,0.00$
"May 2025","Credit Card Payments: Viv's Credit Card (TG)","Credit Card Payments","Viv's Credit Card (TG)",0.00$,3.41$,466.02$
"May 2025","Credit Card Payments: WS Credit Card","Credit Card Payments","WS Credit Card",0.00$,0.00$,0.00$
"May 2025","Monthly: Amroth House","Monthly","Amroth House",0.00$,0.00$,0.00$
"May 2025","Monthly: Internet","Monthly","Internet",56.50$,0.00$,56.50$
"May 2025","Monthly: Cellphone","Monthly","Cellphone",78.20$,-84.75$,-6.55$
"May 2025","Monthly: Groceries","Monthly","Groceries",700.00$,-1311.18$,-530.24$
"May 2025","Monthly: Daycare","Monthly","Daycare",880.00$,-880.00$,0.00$
"May 2025","Monthly: Life Insurance","Monthly","Life Insurance",0.00$,0.00$,0.00$
"May 2025","Cumulative: Fees","Cumulative","Fees",20.00$,0.00$,41.75$
"May 2025","Cumulative: Progeny","Cumulative","Progeny",0.00$,-128.88$,741.01$
"May 2025","Cumulative: Books & Education","Cumulative","Books & Education",20.00$,-14.68$,49.92$
"May 2025","Cumulative: Miscellaneous","Cumulative","Miscellaneous",0.00$,0.00$,142.86$
"May 2025","Cumulative: Car","Cumulative","Car",450.00$,-405.02$,1828.13$
"May 2025","Cumulative: Health & Pharmacy","Cumulative","Health & Pharmacy",20.00$,-34.09$,5.91$
"May 2025","Cumulative: Clothes","Cumulative","Clothes",50.00$,-85.06$,358.22$
"May 2025","Cumulative: Eating Out","Cumulative","Eating Out",0.00$,-25.45$,77.89$
"May 2025","Cumulative: Fun, Dates & Hobbies","Cumulative","Fun, Dates & Hobbies",140.00$,-78.98$,203.95$
"May 2025","Cumulative: Gifts","Cumulative","Gifts",250.00$,-517.46$,149.23$
"May 2025","Cumulative: Exercise","Cumulative","Exercise",0.00$,0.00$,141.83$
"May 2025","Cumulative: Home Improvement","Cumulative","Home Improvement",70.00$,-146.19$,-13.29$
"May 2025","Cumulative: Public Transportation","Cumulative","Public Transportation",60.00$,-60.00$,6.70$
"May 2025","Cumulative: Bike","Cumulative","Bike",0.00$,0.00$,359.27$
"May 2025","Cumulative: Special Splurge","Cumulative","Special Splurge",500.00$,-576.28$,-76.28$
"May 2025","Cumulative: Tim's Choice","Cumulative","Tim's Choice",60.00$,0.00$,426.73$
"May 2025","Cumulative: Vivian's Choice","Cumulative","Vivian's Choice",60.00$,-122.04$,1170.32$
"May 2025","Cumulative: Weddings","Cumulative","Weddings",450.00$,0.00$,2567.94$
"May 2025","Cumulative: Travel","Cumulative","Travel",100.00$,-123.00$,490.51$
"May 2025","Tax Deductible: Koala Budget","Tax Deductible","Koala Budget",0.00$,0.00$,0.00$
"May 2025","Tax Deductible: Timmy's Work","Tax Deductible","Timmy's Work",0.00$,0.00$,0.00$
"May 2025","Tax Deductible: Vivian's Work","Tax Deductible","Vivian's Work",344.57$,-344.57$,0.00$
"May 2025","Tax Deductible: Medical","Tax Deductible","Medical",-268.75$,268.75$,0.00$
"May 2025","Tax Deductible: God's Money","Tax Deductible","God's Money",1000.00$,-783.00$,2081.50$
"May 2025","Savings: RESP","Savings","RESP",50.00$,-50.00$,0.00$
"May 2025","Savings: Retirement","Savings","Retirement",915.75$,-915.75$,0.00$
"May 2025","Savings: Emergency Fund","Savings","Emergency Fund",0.00$,0.00$,0.00$
"May 2025","Savings: House","Savings","House",2000.00$,64024.19$,70360.15$
"May 2025","Savings: Investment Gain/Loss","Savings","Investment Gain/Loss",0.00$,0.00$,0.00$
"May 2025","Savings: Savings Expenses","Savings","Savings Expenses",0.00$,0.00$,0.00$
"May 2025","Hidden Categories: Rent","Hidden Categories","Rent",1639.96$,-1639.96$,0.00$
"May 2025","Hidden Categories: Hydro","Hidden Categories","Hydro",180.00$,-315.78$,5.24$
"May 2025","Hidden Categories: Moving & Home Setup","Hidden Categories","Moving & Home Setup",250.00$,0.00$,875.00$
"May 2025","Hidden Categories: Alcohol","Hidden Categories","Alcohol",0.00$,0.00$,0.00$
"May 2025","Hidden Categories: Vivian COGS","Hidden Categories","Vivian COGS",0.00$,0.00$,0.00$
"May 2025","Hidden Categories: Income Tax and HST","Hidden Categories","Income Tax and HST",0.00$,0.00$,1893.91$
"May 2025","Hidden Categories: Moving Out Fund","Hidden Categories","Moving Out Fund",0.00$,0.00$,0.00$
"May 2025","Hidden Categories: Publishing","Hidden Categories","Publishing",0.00$,0.00$,0.00$
"May 2025","Hidden Categories: Tuition","Hidden Categories","Tuition",0.00$,0.00$,0.00$
"Jun 2025","Credit Card Payments: Credit Card (TG)","Credit Card Payments","Credit Card (TG)",0.00$,-909.42$,488.22$
"Jun 2025","Credit Card Payments: Reconcile account","Credit Card Payments","Reconcile account",0.00$,-66864.12$,-63734.62$
"Jun 2025","Credit Card Payments: BBC Visa","Credit Card Payments","BBC Visa",0.00$,-5708.34$,-5708.34$
"Jun 2025","Credit Card Payments: TD Travel Visa","Credit Card Payments","TD Travel Visa",0.00$,0.00$,0.00$
"Jun 2025","Credit Card Payments: Viv's Credit Card (TG)","Credit Card Payments","Viv's Credit Card (TG)",0.00$,104.41$,570.43$
"Jun 2025","Credit Card Payments: WS Credit Card","Credit Card Payments","WS Credit Card",0.00$,0.00$,0.00$
"Jun 2025","Monthly: Amroth House","Monthly","Amroth House",0.00$,0.00$,0.00$
"Jun 2025","Monthly: Internet","Monthly","Internet",56.50$,-56.50$,56.50$
"Jun 2025","Monthly: Cellphone","Monthly","Cellphone",78.20$,-143.14$,-64.94$
"Jun 2025","Monthly: Groceries","Monthly","Groceries",700.00$,-343.01$,356.99$
"Jun 2025","Monthly: Daycare","Monthly","Daycare",500.00$,-440.00$,60.00$
"Jun 2025","Monthly: Life Insurance","Monthly","Life Insurance",0.00$,0.00$,0.00$
"Jun 2025","Cumulative: Fees","Cumulative","Fees",20.00$,0.00$,61.75$
"Jun 2025","Cumulative: Progeny","Cumulative","Progeny",0.00$,-40.67$,700.34$
"Jun 2025","Cumulative: Books & Education","Cumulative","Books & Education",20.00$,1547.94$,1617.86$
"Jun 2025","Cumulative: Miscellaneous","Cumulative","Miscellaneous",0.00$,0.00$,142.86$
"Jun 2025","Cumulative: Car","Cumulative","Car",450.00$,-273.62$,2004.51$
"Jun 2025","Cumulative: Health & Pharmacy","Cumulative","Health & Pharmacy",20.00$,-52.16$,-26.25$
"Jun 2025","Cumulative: Clothes","Cumulative","Clothes",0.00$,-43.51$,314.71$
"Jun 2025","Cumulative: Eating Out","Cumulative","Eating Out",0.00$,0.00$,77.89$
"Jun 2025","Cumulative: Fun, Dates & Hobbies","Cumulative","Fun, Dates & Hobbies",40.00$,0.00$,243.95$
"Jun 2025","Cumulative: Gifts","Cumulative","Gifts",250.00$,-22.91$,376.32$
"Jun 2025","Cumulative: Exercise","Cumulative","Exercise",0.00$,0.00$,141.83$
"Jun 2025","Cumulative: Home Improvement","Cumulative","Home Improvement",70.00$,0.00$,70.00$
"Jun 2025","Cumulative: Public Transportation","Cumulative","Public Transportation",60.00$,0.00$,66.70$
"Jun 2025","Cumulative: Bike","Cumulative","Bike",-150.00$,-0.45$,208.82$
"Jun 2025","Cumulative: Special Splurge","Cumulative","Special Splurge",0.00$,0.00$,0.00$
"Jun 2025","Cumulative: Tim's Choice","Cumulative","Tim's Choice",60.00$,0.00$,486.73$
"Jun 2025","Cumulative: Vivian's Choice","Cumulative","Vivian's Choice",60.00$,0.00$,1230.32$
"Jun 2025","Cumulative: Weddings","Cumulative","Weddings",450.00$,21.12$,3039.06$
"Jun 2025","Cumulative: Travel","Cumulative","Travel",100.00$,-202.97$,387.54$
"Jun 2025","Tax Deductible: Koala Budget","Tax Deductible","Koala Budget",0.00$,0.00$,0.00$
"Jun 2025","Tax Deductible: Timmy's Work","Tax Deductible","Timmy's Work",0.00$,0.00$,0.00$
"Jun 2025","Tax Deductible: Vivian's Work","Tax Deductible","Vivian's Work",0.00$,18.79$,18.79$
"Jun 2025","Tax Deductible: Medical","Tax Deductible","Medical",141.25$,-141.25$,0.00$
"Jun 2025","Tax Deductible: God's Money","Tax Deductible","God's Money",360.00$,-723.00$,1718.50$
"Jun 2025","Savings: RESP","Savings","RESP",50.00$,-50.00$,0.00$
"Jun 2025","Savings: Retirement","Savings","Retirement",915.75$,-915.75$,0.00$
"Jun 2025","Savings: Emergency Fund","Savings","Emergency Fund",0.00$,0.00$,0.00$
"Jun 2025","Savings: House","Savings","House",4867.27$,-75227.42$,0.00$
"Jun 2025","Savings: Investment Gain/Loss","Savings","Investment Gain/Loss",0.00$,0.00$,0.00$
"Jun 2025","Savings: Savings Expenses","Savings","Savings Expenses",0.00$,0.00$,0.00$
"Jun 2025","Hidden Categories: Rent","Hidden Categories","Rent",1639.96$,-1645.87$,-5.91$
"Jun 2025","Hidden Categories: Hydro","Hidden Categories","Hydro",180.00$,-77.85$,107.39$
"Jun 2025","Hidden Categories: Moving & Home Setup","Hidden Categories","Moving & Home Setup",250.00$,0.00$,1125.00$
"Jun 2025","Hidden Categories: Alcohol","Hidden Categories","Alcohol",0.00$,0.00$,0.00$
"Jun 2025","Hidden Categories: Vivian COGS","Hidden Categories","Vivian COGS",0.00$,0.00$,0.00$
"Jun 2025","Hidden Categories: Income Tax and HST","Hidden Categories","Income Tax and HST",0.00$,0.00$,1893.91$
"Jun 2025","Hidden Categories: Moving Out Fund","Hidden Categories","Moving Out Fund",0.00$,0.00$,0.00$
"Jun 2025","Hidden Categories: Publishing","Hidden Categories","Publishing",0.00$,0.00$,0.00$
"Jun 2025","Hidden Categories: Tuition","Hidden Categories","Tuition",0.00$,0.00$,0.00$
"Jul 2025","Credit Card Payments: Credit Card (TG)","Credit Card Payments","Credit Card (TG)",0.00$,1221.45$,1709.67$
"Jul 2025","Credit Card Payments: Reconcile account","Credit Card Payments","Reconcile account",0.00$,915.75$,915.75$
"Jul 2025","Credit Card Payments: BBC Visa","Credit Card Payments","BBC Visa",0.00$,-463.01$,-463.01$
"Jul 2025","Credit Card Payments: TD Travel Visa","Credit Card Payments","TD Travel Visa",0.00$,0.00$,0.00$
"Jul 2025","Credit Card Payments: Viv's Credit Card (TG)","Credit Card Payments","Viv's Credit Card (TG)",0.00$,280.41$,850.84$
"Jul 2025","Credit Card Payments: WS Credit Card","Credit Card Payments","WS Credit Card",0.00$,0.00$,0.00$
"Jul 2025","Monthly: Amroth House","Monthly","Amroth House",0.00$,97.66$,97.66$
"Jul 2025","Monthly: Internet","Monthly","Internet",56.50$,-45.56$,67.44$
"Jul 2025","Monthly: Cellphone","Monthly","Cellphone",33.15$,-89.65$,-56.50$
"Jul 2025","Monthly: Groceries","Monthly","Groceries",700.00$,-1373.64$,-316.65$
"Jul 2025","Monthly: Daycare","Monthly","Daycare",600.00$,-660.00$,0.00$
"Jul 2025","Monthly: Life Insurance","Monthly","Life Insurance",0.00$,-146.49$,-146.49$
"Jul 2025","Cumulative: Fees","Cumulative","Fees",20.00$,0.00$,81.75$
"Jul 2025","Cumulative: Progeny","Cumulative","Progeny",0.00$,0.00$,700.34$
"Jul 2025","Cumulative: Books & Education","Cumulative","Books & Education",-1600.00$,227.88$,245.74$
"Jul 2025","Cumulative: Miscellaneous","Cumulative","Miscellaneous",0.00$,0.00$,142.86$
"Jul 2025","Cumulative: Car","Cumulative","Car",450.00$,-361.66$,2092.85$
"Jul 2025","Cumulative: Health & Pharmacy","Cumulative","Health & Pharmacy",20.00$,-33.89$,-13.89$
"Jul 2025","Cumulative: Clothes","Cumulative","Clothes",0.00$,-101.67$,213.04$
"Jul 2025","Cumulative: Eating Out","Cumulative","Eating Out",0.00$,-15.57$,62.32$
"Jul 2025","Cumulative: Fun, Dates & Hobbies","Cumulative","Fun, Dates & Hobbies",40.00$,0.00$,283.95$
"Jul 2025","Cumulative: Gifts","Cumulative","Gifts",250.00$,0.00$,626.32$
"Jul 2025","Cumulative: Exercise","Cumulative","Exercise",0.00$,0.00$,141.83$
"Jul 2025","Cumulative: Home Improvement","Cumulative","Home Improvement",70.00$,-20.76$,119.24$
"Jul 2025","Cumulative: Public Transportation","Cumulative","Public Transportation",60.00$,-23.30$,103.40$
"Jul 2025","Cumulative: Bike","Cumulative","Bike",0.00$,-1.25$,207.57$
"Jul 2025","Cumulative: Special Splurge","Cumulative","Special Splurge",0.00$,0.00$,0.00$
"Jul 2025","Cumulative: Tim's Choice","Cumulative","Tim's Choice",60.00$,0.00$,546.73$
"Jul 2025","Cumulative: Vivian's Choice","Cumulative","Vivian's Choice",60.00$,0.00$,1290.32$
"Jul 2025","Cumulative: Weddings","Cumulative","Weddings",450.00$,0.00$,3489.06$
"Jul 2025","Cumulative: Travel","Cumulative","Travel",100.00$,-33.50$,454.04$
"Jul 2025","Tax Deductible: Koala Budget","Tax Deductible","Koala Budget",0.00$,0.00$,0.00$
"Jul 2025","Tax Deductible: Timmy's Work","Tax Deductible","Timmy's Work",0.00$,0.00$,0.00$
"Jul 2025","Tax Deductible: Vivian's Work","Tax Deductible","Vivian's Work",130.06$,-148.85$,0.00$
"Jul 2025","Tax Deductible: Medical","Tax Deductible","Medical",0.00$,108.01$,108.01$
"Jul 2025","Tax Deductible: God's Money","Tax Deductible","God's Money",1100.00$,-783.00$,2035.50$
"Jul 2025","Savings: RESP","Savings","RESP",50.00$,-50.00$,0.00$
"Jul 2025","Savings: Retirement","Savings","Retirement",915.75$,-915.75$,0.00$
"Jul 2025","Savings: Emergency Fund","Savings","Emergency Fund",0.00$,0.00$,0.00$
"Jul 2025","Savings: House","Savings","House",0.00$,47.44$,47.44$
"Jul 2025","Savings: Investment Gain/Loss","Savings","Investment Gain/Loss",0.00$,0.00$,0.00$
"Jul 2025","Savings: Savings Expenses","Savings","Savings Expenses",0.00$,0.00$,0.00$
"Jul 2025","Hidden Categories: Rent","Hidden Categories","Rent",46.00$,-45.87$,0.13$
"Jul 2025","Hidden Categories: Hydro","Hidden Categories","Hydro",180.00$,-24.37$,263.02$
"Jul 2025","Hidden Categories: Moving & Home Setup","Hidden Categories","Moving & Home Setup",250.00$,-1423.33$,-48.33$
"Jul 2025","Hidden Categories: Alcohol","Hidden Categories","Alcohol",0.00$,0.00$,0.00$
"Jul 2025","Hidden Categories: Vivian COGS","Hidden Categories","Vivian COGS",0.00$,0.00$,0.00$
"Jul 2025","Hidden Categories: Income Tax and HST","Hidden Categories","Income Tax and HST",0.00$,0.00$,1893.91$
"Jul 2025","Hidden Categories: Moving Out Fund","Hidden Categories","Moving Out Fund",0.00$,0.00$,0.00$
"Jul 2025","Hidden Categories: Publishing","Hidden Categories","Publishing",0.00$,0.00$,0.00$
"Jul 2025","Hidden Categories: Tuition","Hidden Categories","Tuition",0.00$,0.00$,0.00$
"Aug 2025","Credit Card Payments: Credit Card (TG)","Credit Card Payments","Credit Card (TG)",0.00$,1041.59$,2751.26$
"Aug 2025","Credit Card Payments: Reconcile account","Credit Card Payments","Reconcile account",0.00$,915.75$,1831.50$
"Aug 2025","Credit Card Payments: BBC Visa","Credit Card Payments","BBC Visa",0.00$,-464.95$,-464.95$
"Aug 2025","Credit Card Payments: TD Travel Visa","Credit Card Payments","TD Travel Visa",0.00$,0.00$,0.00$
"Aug 2025","Credit Card Payments: Viv's Credit Card (TG)","Credit Card Payments","Viv's Credit Card (TG)",0.00$,1159.80$,2010.64$
"Aug 2025","Credit Card Payments: WS Credit Card","Credit Card Payments","WS Credit Card",0.00$,0.00$,0.00$
"Aug 2025","Monthly: Amroth House","Monthly","Amroth House",4348.05$,-4348.05$,97.66$
"Aug 2025","Monthly: Internet","Monthly","Internet",56.50$,-56.50$,67.44$
"Aug 2025","Monthly: Cellphone","Monthly","Cellphone",33.15$,-378.56$,-345.41$
"Aug 2025","Monthly: Groceries","Monthly","Groceries",700.00$,-590.02$,109.98$
"Aug 2025","Monthly: Daycare","Monthly","Daycare",600.00$,-1331.00$,-731.00$
"Aug 2025","Monthly: Life Insurance","Monthly","Life Insurance",50.00$,-48.83$,1.17$
"Aug 2025","Cumulative: Fees","Cumulative","Fees",20.00$,0.00$,101.75$
"Aug 2025","Cumulative: Progeny","Cumulative","Progeny",0.00$,-120.71$,579.63$
"Aug 2025","Cumulative: Books & Education","Cumulative","Books & Education",0.00$,0.00$,245.74$
"Aug 2025","Cumulative: Miscellaneous","Cumulative","Miscellaneous",0.00$,0.00$,142.86$
"Aug 2025","Cumulative: Car","Cumulative","Car",450.00$,-742.02$,1800.83$
"Aug 2025","Cumulative: Health & Pharmacy","Cumulative","Health & Pharmacy",20.00$,-112.79$,-92.79$
"Aug 2025","Cumulative: Clothes","Cumulative","Clothes",0.00$,-41.56$,171.48$
"Aug 2025","Cumulative: Eating Out","Cumulative","Eating Out",0.00$,-35.65$,26.67$
"Aug 2025","Cumulative: Fun, Dates & Hobbies","Cumulative","Fun, Dates & Hobbies",40.00$,0.00$,323.95$
"Aug 2025","Cumulative: Gifts","Cumulative","Gifts",250.00$,0.00$,876.32$
"Aug 2025","Cumulative: Exercise","Cumulative","Exercise",0.00$,0.00$,141.83$
"Aug 2025","Cumulative: Home Improvement","Cumulative","Home Improvement",70.00$,0.00$,189.24$
"Aug 2025","Cumulative: Public Transportation","Cumulative","Public Transportation",60.00$,-20.00$,143.40$
"Aug 2025","Cumulative: Bike","Cumulative","Bike",0.00$,0.00$,207.57$
"Aug 2025","Cumulative: Special Splurge","Cumulative","Special Splurge",0.00$,0.00$,0.00$
"Aug 2025","Cumulative: Tim's Choice","Cumulative","Tim's Choice",60.00$,0.00$,606.73$
"Aug 2025","Cumulative: Vivian's Choice","Cumulative","Vivian's Choice",60.00$,-120.15$,1230.17$
"Aug 2025","Cumulative: Weddings","Cumulative","Weddings",450.00$,-1579.56$,2359.50$
"Aug 2025","Cumulative: Travel","Cumulative","Travel",100.00$,-50.25$,503.79$
"Aug 2025","Tax Deductible: Koala Budget","Tax Deductible","Koala Budget",0.00$,0.00$,0.00$
"Aug 2025","Tax Deductible: Timmy's Work","Tax Deductible","Timmy's Work",0.00$,0.00$,0.00$
"Aug 2025","Tax Deductible: Vivian's Work","Tax Deductible","Vivian's Work",621.53$,-621.53$,0.00$
"Aug 2025","Tax Deductible: Medical","Tax Deductible","Medical",0.00$,-90.00$,18.01$
"Aug 2025","Tax Deductible: God's Money","Tax Deductible","God's Money",1000.00$,-753.00$,2282.50$
"Aug 2025","Savings: RESP","Savings","RESP",50.00$,-50.00$,0.00$
"Aug 2025","Savings: Retirement","Savings","Retirement",915.75$,-1227.75$,-312.00$
"Aug 2025","Savings: Emergency Fund","Savings","Emergency Fund",0.00$,0.00$,0.00$
"Aug 2025","Savings: House","Savings","House",0.00$,0.00$,47.44$
"Aug 2025","Savings: Investment Gain/Loss","Savings","Investment Gain/Loss",0.00$,0.00$,0.00$
"Aug 2025","Savings: Savings Expenses","Savings","Savings Expenses",0.00$,0.00$,0.00$
"Aug 2025","Hidden Categories: Rent","Hidden Categories","Rent",46.00$,0.00$,46.13$
"Aug 2025","Hidden Categories: Hydro","Hidden Categories","Hydro",15.76$,-278.78$,0.00$
"Aug 2025","Hidden Categories: Moving & Home Setup","Hidden Categories","Moving & Home Setup",250.00$,-1361.65$,-1111.65$
"Aug 2025","Hidden Categories: Alcohol","Hidden Categories","Alcohol",0.00$,0.00$,0.00$
"Aug 2025","Hidden Categories: Vivian COGS","Hidden Categories","Vivian COGS",0.00$,0.00$,0.00$
"Aug 2025","Hidden Categories: Income Tax and HST","Hidden Categories","Income Tax and HST",0.00$,-387.45$,1506.46$
"Aug 2025","Hidden Categories: Moving Out Fund","Hidden Categories","Moving Out Fund",0.00$,0.00$,0.00$
"Aug 2025","Hidden Categories: Publishing","Hidden Categories","Publishing",0.00$,0.00$,0.00$
"Aug 2025","Hidden Categories: Tuition","Hidden Categories","Tuition",0.00$,0.00$,0.00$
"Sep 2025","Credit Card Payments: Credit Card (TG)","Credit Card Payments","Credit Card (TG)",0.00$,-2590.80$,160.46$
"Sep 2025","Credit Card Payments: Reconcile account","Credit Card Payments","Reconcile account",0.00$,915.75$,2747.25$
"Sep 2025","Credit Card Payments: BBC Visa","Credit Card Payments","BBC Visa",0.00$,-479.84$,-479.84$
"Sep 2025","Credit Card Payments: TD Travel Visa","Credit Card Payments","TD Travel Visa",0.00$,0.00$,0.00$
"Sep 2025","Credit Card Payments: Viv's Credit Card (TG)","Credit Card Payments","Viv's Credit Card (TG)",0.00$,-3022.27$,-1011.63$
"Sep 2025","Credit Card Payments: WS Credit Card","Credit Card Payments","WS Credit Card",0.00$,0.00$,0.00$
"Sep 2025","Monthly: Amroth House","Monthly","Amroth House",3716.61$,-3716.61$,97.66$
"Sep 2025","Monthly: Internet","Monthly","Internet",85.00$,-75.72$,76.72$
"Sep 2025","Monthly: Cellphone","Monthly","Cellphone",80.00$,-84.75$,-4.75$
"Sep 2025","Monthly: Groceries","Monthly","Groceries",700.00$,-686.66$,123.32$
"Sep 2025","Monthly: Daycare","Monthly","Daycare",0.00$,0.00$,0.00$
"Sep 2025","Monthly: Life Insurance","Monthly","Life Insurance",50.00$,-48.83$,2.34$
"Sep 2025","Cumulative: Fees","Cumulative","Fees",20.00$,0.00$,121.75$
"Sep 2025","Cumulative: Progeny","Cumulative","Progeny",0.00$,-148.51$,431.12$
"Sep 2025","Cumulative: Books & Education","Cumulative","Books & Education",40.00$,-41.95$,243.79$
"Sep 2025","Cumulative: Miscellaneous","Cumulative","Miscellaneous",0.00$,0.00$,142.86$
"Sep 2025","Cumulative: Car","Cumulative","Car",450.00$,-247.01$,2003.82$
"Sep 2025","Cumulative: Health & Pharmacy","Cumulative","Health & Pharmacy",20.00$,-106.10$,-86.10$
"Sep 2025","Cumulative: Clothes","Cumulative","Clothes",150.00$,-184.18$,137.30$
"Sep 2025","Cumulative: Eating Out","Cumulative","Eating Out",50.00$,-74.38$,2.29$
"Sep 2025","Cumulative: Fun, Dates & Hobbies","Cumulative","Fun, Dates & Hobbies",40.00$,-16.94$,347.01$
"Sep 2025","Cumulative: Gifts","Cumulative","Gifts",250.00$,-244.94$,881.38$
"Sep 2025","Cumulative: Exercise","Cumulative","Exercise",40.00$,-30.37$,151.46$
"Sep 2025","Cumulative: Home Improvement","Cumulative","Home Improvement",70.00$,-42.02$,217.22$
"Sep 2025","Cumulative: Public Transportation","Cumulative","Public Transportation",60.00$,0.00$,203.40$
"Sep 2025","Cumulative: Bike","Cumulative","Bike",0.00$,-1.36$,206.21$
"Sep 2025","Cumulative: Special Splurge","Cumulative","Special Splurge",0.00$,0.00$,0.00$
"Sep 2025","Cumulative: Tim's Choice","Cumulative","Tim's Choice",60.00$,0.00$,666.73$
"Sep 2025","Cumulative: Vivian's Choice","Cumulative","Vivian's Choice",60.00$,0.00$,1290.17$
"Sep 2025","Cumulative: Weddings","Cumulative","Weddings",450.00$,60.05$,2869.55$
"Sep 2025","Cumulative: Travel","Cumulative","Travel",100.00$,0.00$,603.79$
"Sep 2025","Tax Deductible: Koala Budget","Tax Deductible","Koala Budget",0.00$,0.00$,0.00$
"Sep 2025","Tax Deductible: Timmy's Work","Tax Deductible","Timmy's Work",0.00$,0.00$,0.00$
"Sep 2025","Tax Deductible: Vivian's Work","Tax Deductible","Vivian's Work",0.00$,582.36$,582.36$
"Sep 2025","Tax Deductible: Medical","Tax Deductible","Medical",0.00$,344.50$,362.51$
"Sep 2025","Tax Deductible: God's Money","Tax Deductible","God's Money",770.00$,-648.00$,2404.50$
"Sep 2025","Savings: RESP","Savings","RESP",50.00$,-50.00$,0.00$
"Sep 2025","Savings: Retirement","Savings","Retirement",915.75$,-915.75$,0.00$
"Sep 2025","Savings: Emergency Fund","Savings","Emergency Fund",0.00$,0.00$,0.00$
"Sep 2025","Savings: House","Savings","House",0.00$,0.00$,47.44$
"Sep 2025","Savings: Investment Gain/Loss","Savings","Investment Gain/Loss",0.00$,0.00$,0.00$
"Sep 2025","Savings: Savings Expenses","Savings","Savings Expenses",0.00$,0.00$,0.00$
"Sep 2025","Hidden Categories: Rent","Hidden Categories","Rent",0.00$,0.00$,46.13$
"Sep 2025","Hidden Categories: Hydro","Hidden Categories","Hydro",0.00$,0.00$,0.00$
"Sep 2025","Hidden Categories: Moving & Home Setup","Hidden Categories","Moving & Home Setup",250.00$,-213.52$,36.48$
"Sep 2025","Hidden Categories: Alcohol","Hidden Categories","Alcohol",0.00$,0.00$,0.00$
"Sep 2025","Hidden Categories: Vivian COGS","Hidden Categories","Vivian COGS",0.00$,0.00$,0.00$
"Sep 2025","Hidden Categories: Income Tax and HST","Hidden Categories","Income Tax and HST",0.00$,0.00$,1506.46$
"Sep 2025","Hidden Categories: Moving Out Fund","Hidden Categories","Moving Out Fund",0.00$,0.00$,0.00$
"Sep 2025","Hidden Categories: Publishing","Hidden Categories","Publishing",0.00$,0.00$,0.00$
"Sep 2025","Hidden Categories: Tuition","Hidden Categories","Tuition",0.00$,0.00$,0.00$
"Oct 2025","Credit Card Payments: Credit Card (TG)","Credit Card Payments","Credit Card (TG)",0.00$,-124.00$,36.46$
"Oct 2025","Credit Card Payments: Reconcile account","Credit Card Payments","Reconcile account",0.00$,915.75$,3663.00$
"Oct 2025","Credit Card Payments: BBC Visa","Credit Card Payments","BBC Visa",0.00$,0.00$,0.00$
"Oct 2025","Credit Card Payments: TD Travel Visa","Credit Card Payments","TD Travel Visa",0.00$,-24.41$,-24.41$
"Oct 2025","Credit Card Payments: Viv's Credit Card (TG)","Credit Card Payments","Viv's Credit Card (TG)",0.00$,725.59$,725.59$
"Oct 2025","Credit Card Payments: WS Credit Card","Credit Card Payments","WS Credit Card",0.00$,0.00$,0.00$
"Oct 2025","Monthly: Amroth House","Monthly","Amroth House",3616.21$,-3616.21$,97.66$
"Oct 2025","Monthly: Internet","Monthly","Internet",75.72$,-58.76$,93.68$
"Oct 2025","Monthly: Cellphone","Monthly","Cellphone",184.75$,-85.99$,98.76$
"Oct 2025","Monthly: Groceries","Monthly","Groceries",700.00$,-1011.26$,-187.94$
"Oct 2025","Monthly: Daycare","Monthly","Daycare",478.00$,0.00$,478.00$
"Oct 2025","Monthly: Life Insurance","Monthly","Life Insurance",46.49$,-48.83$,0.00$
"Oct 2025","Cumulative: Fees","Cumulative","Fees",20.00$,-1.06$,140.69$
"Oct 2025","Cumulative: Progeny","Cumulative","Progeny",40.00$,0.00$,471.12$
"Oct 2025","Cumulative: Books & Education","Cumulative","Books & Education",40.00$,0.00$,283.79$
"Oct 2025","Cumulative: Miscellaneous","Cumulative","Miscellaneous",20.00$,0.00$,162.86$
"Oct 2025","Cumulative: Car","Cumulative","Car",450.00$,-297.56$,2156.26$
"Oct 2025","Cumulative: Health & Pharmacy","Cumulative","Health & Pharmacy",20.00$,-256.83$,-236.83$
"Oct 2025","Cumulative: Clothes","Cumulative","Clothes",150.00$,-148.37$,138.93$
"Oct 2025","Cumulative: Eating Out","Cumulative","Eating Out",70.00$,-55.71$,16.58$
"Oct 2025","Cumulative: Fun, Dates & Hobbies","Cumulative","Fun, Dates & Hobbies",40.00$,-59.15$,327.86$
"Oct 2025","Cumulative: Gifts","Cumulative","Gifts",250.00$,-114.00$,1017.38$
"Oct 2025","Cumulative: Exercise","Cumulative","Exercise",40.00$,-55.37$,136.09$
"Oct 2025","Cumulative: Home Improvement","Cumulative","Home Improvement",100.00$,-23.12$,294.10$
"Oct 2025","Cumulative: Public Transportation","Cumulative","Public Transportation",0.00$,-70.00$,133.40$
"Oct 2025","Cumulative: Bike","Cumulative","Bike",40.00$,-0.68$,245.53$
"Oct 2025","Cumulative: Special Splurge","Cumulative","Special Splurge",0.00$,0.00$,0.00$
"Oct 2025","Cumulative: Tim's Choice","Cumulative","Tim's Choice",60.00$,0.00$,726.73$
"Oct 2025","Cumulative: Vivian's Choice","Cumulative","Vivian's Choice",60.00$,-20.12$,1330.05$
"Oct 2025","Cumulative: Weddings","Cumulative","Weddings",450.00$,-846.39$,2473.16$
"Oct 2025","Cumulative: Travel","Cumulative","Travel",-603.79$,3.61$,3.61$
"Oct 2025","Tax Deductible: Koala Budget","Tax Deductible","Koala Budget",0.00$,0.00$,0.00$
"Oct 2025","Tax Deductible: Timmy's Work","Tax Deductible","Timmy's Work",0.00$,0.00$,0.00$
"Oct 2025","Tax Deductible: Vivian's Work","Tax Deductible","Vivian's Work",122.67$,-705.03$,0.00$
"Oct 2025","Tax Deductible: Medical","Tax Deductible","Medical",-362.51$,45.65$,45.65$
"Oct 2025","Tax Deductible: God's Money","Tax Deductible","God's Money",1040.00$,-678.00$,2766.50$
"Oct 2025","Savings: RESP","Savings","RESP",50.00$,-50.00$,0.00$
"Oct 2025","Savings: Retirement","Savings","Retirement",915.75$,-915.75$,0.00$
"Oct 2025","Savings: Emergency Fund","Savings","Emergency Fund",0.00$,0.00$,0.00$
"Oct 2025","Savings: House","Savings","House",-47.44$,0.00$,0.00$
"Oct 2025","Savings: Investment Gain/Loss","Savings","Investment Gain/Loss",0.00$,0.00$,0.00$
"Oct 2025","Savings: Savings Expenses","Savings","Savings Expenses",0.00$,0.00$,0.00$
"Oct 2025","Hidden Categories: Rent","Hidden Categories","Rent",0.00$,0.00$,46.13$
"Oct 2025","Hidden Categories: Hydro","Hidden Categories","Hydro",0.00$,0.00$,0.00$
"Oct 2025","Hidden Categories: Moving & Home Setup","Hidden Categories","Moving & Home Setup",0.00$,0.00$,36.48$
"Oct 2025","Hidden Categories: Alcohol","Hidden Categories","Alcohol",0.00$,0.00$,0.00$
"Oct 2025","Hidden Categories: Vivian COGS","Hidden Categories","Vivian COGS",0.00$,0.00$,0.00$
"Oct 2025","Hidden Categories: Income Tax and HST","Hidden Categories","Income Tax and HST",0.00$,0.00$,1506.46$
"Oct 2025","Hidden Categories: Moving Out Fund","Hidden Categories","Moving Out Fund",0.00$,0.00$,0.00$
"Oct 2025","Hidden Categories: Publishing","Hidden Categories","Publishing",0.00$,0.00$,0.00$
"Oct 2025","Hidden Categories: Tuition","Hidden Categories","Tuition",0.00$,0.00$,0.00$
"Nov 2025","Credit Card Payments: Credit Card (TG)","Credit Card Payments","Credit Card (TG)",0.00$,-2068.21$,-2031.75$
"Nov 2025","Credit Card Payments: Reconcile account","Credit Card Payments","Reconcile account",0.00$,915.75$,4578.75$
"Nov 2025","Credit Card Payments: BBC Visa","Credit Card Payments","BBC Visa",0.00$,-2149.35$,-2149.35$
"Nov 2025","Credit Card Payments: TD Travel Visa","Credit Card Payments","TD Travel Visa",0.00$,0.00$,0.00$
"Nov 2025","Credit Card Payments: Viv's Credit Card (TG)","Credit Card Payments","Viv's Credit Card (TG)",0.00$,605.88$,1331.47$
"Nov 2025","Credit Card Payments: WS Credit Card","Credit Card Payments","WS Credit Card",0.00$,0.00$,0.00$
"Nov 2025","Monthly: Amroth House","Monthly","Amroth House",3616.21$,-17616.21$,-13902.34$
"Nov 2025","Monthly: Internet","Monthly","Internet",0.00$,-101.02$,-7.34$
"Nov 2025","Monthly: Cellphone","Monthly","Cellphone",80.00$,-84.75$,94.01$
"Nov 2025","Monthly: Groceries","Monthly","Groceries",700.00$,-538.06$,161.94$
"Nov 2025","Monthly: Daycare","Monthly","Daycare",0.50$,-478.50$,0.00$
"Nov 2025","Monthly: Life Insurance","Monthly","Life Insurance",48.83$,-48.83$,0.00$
"Nov 2025","Cumulative: Fees","Cumulative","Fees",-40.00$,0.00$,100.69$
"Nov 2025","Cumulative: Progeny","Cumulative","Progeny",40.00$,-52.08$,459.04$
"Nov 2025","Cumulative: Books & Education","Cumulative","Books & Education",-100.00$,0.00$,183.79$
"Nov 2025","Cumulative: Miscellaneous","Cumulative","Miscellaneous",-80.00$,0.00$,82.86$
"Nov 2025","Cumulative: Car","Cumulative","Car",450.00$,-237.37$,2368.89$
"Nov 2025","Cumulative: Health & Pharmacy","Cumulative","Health & Pharmacy",20.00$,-13.21$,6.79$
"Nov 2025","Cumulative: Clothes","Cumulative","Clothes",150.00$,-11.93$,277.00$
"Nov 2025","Cumulative: Eating Out","Cumulative","Eating Out",120.00$,-129.43$,7.15$
"Nov 2025","Cumulative: Fun, Dates & Hobbies","Cumulative","Fun, Dates & Hobbies",40.00$,0.00$,367.86$
"Nov 2025","Cumulative: Gifts","Cumulative","Gifts",250.00$,-196.04$,1071.34$
"Nov 2025","Cumulative: Exercise","Cumulative","Exercise",40.00$,-55.37$,120.72$
"Nov 2025","Cumulative: Home Improvement","Cumulative","Home Improvement",100.00$,-54.22$,339.88$
"Nov 2025","Cumulative: Public Transportation","Cumulative","Public Transportation",0.00$,-20.00$,113.40$
"Nov 2025","Cumulative: Bike","Cumulative","Bike",40.00$,-3.62$,281.91$
"Nov 2025","Cumulative: Special Splurge","Cumulative","Special Splurge",0.00$,0.00$,0.00$
"Nov 2025","Cumulative: Tim's Choice","Cumulative","Tim's Choice",60.00$,0.00$,786.73$
"Nov 2025","Cumulative: Vivian's Choice","Cumulative","Vivian's Choice",60.00$,0.00$,1390.05$
"Nov 2025","Cumulative: Weddings","Cumulative","Weddings",-2200.00$,-196.06$,77.10$
"Nov 2025","Cumulative: Travel","Cumulative","Travel",2200.00$,-668.46$,1535.15$
"Nov 2025","Tax Deductible: Koala Budget","Tax Deductible","Koala Budget",0.00$,0.00$,0.00$
"Nov 2025","Tax Deductible: Timmy's Work","Tax Deductible","Timmy's Work",0.00$,0.00$,0.00$
"Nov 2025","Tax Deductible: Vivian's Work","Tax Deductible","Vivian's Work",652.29$,-607.88$,44.41$
"Nov 2025","Tax Deductible: Medical","Tax Deductible","Medical",131.35$,-177.00$,0.00$
"Nov 2025","Tax Deductible: God's Money","Tax Deductible","God's Money",950.00$,-778.00$,2938.50$
"Nov 2025","Savings: RESP","Savings","RESP",50.00$,-50.00$,0.00$
"Nov 2025","Savings: Retirement","Savings","Retirement",915.75$,-915.75$,0.00$
"Nov 2025","Savings: Emergency Fund","Savings","Emergency Fund",0.00$,0.00$,0.00$
"Nov 2025","Savings: House","Savings","House",56.00$,-56.00$,0.00$
"Nov 2025","Savings: Investment Gain/Loss","Savings","Investment Gain/Loss",0.00$,0.00$,0.00$
"Nov 2025","Savings: Savings Expenses","Savings","Savings Expenses",0.00$,0.00$,0.00$
"Nov 2025","Hidden Categories: Rent","Hidden Categories","Rent",-46.13$,0.00$,0.00$
"Nov 2025","Hidden Categories: Hydro","Hidden Categories","Hydro",0.00$,0.00$,0.00$
"Nov 2025","Hidden Categories: Moving & Home Setup","Hidden Categories","Moving & Home Setup",-36.48$,0.00$,0.00$
"Nov 2025","Hidden Categories: Alcohol","Hidden Categories","Alcohol",0.00$,0.00$,0.00$
"Nov 2025","Hidden Categories: Vivian COGS","Hidden Categories","Vivian COGS",0.00$,0.00$,0.00$
"Nov 2025","Hidden Categories: Income Tax and HST","Hidden Categories","Income Tax and HST",-1506.46$,0.00$,0.00$
"Nov 2025","Hidden Categories: Moving Out Fund","Hidden Categories","Moving Out Fund",0.00$,0.00$,0.00$
"Nov 2025","Hidden Categories: Publishing","Hidden Categories","Publishing",0.00$,0.00$,0.00$
"Nov 2025","Hidden Categories: Tuition","Hidden Categories","Tuition",0.00$,0.00$,0.00$
"Dec 2025","Credit Card Payments: Credit Card (TG)","Credit Card Payments","Credit Card (TG)",0.00$,-510.07$,-510.07$
"Dec 2025","Credit Card Payments: Reconcile account","Credit Card Payments","Reconcile account",0.00$,1440.75$,6019.50$
"Dec 2025","Credit Card Payments: BBC Visa","Credit Card Payments","BBC Visa",0.00$,-1939.39$,-1939.39$
"Dec 2025","Credit Card Payments: TD Travel Visa","Credit Card Payments","TD Travel Visa",0.00$,0.00$,0.00$
"Dec 2025","Credit Card Payments: Viv's Credit Card (TG)","Credit Card Payments","Viv's Credit Card (TG)",0.00$,-1625.01$,-293.54$
"Dec 2025","Credit Card Payments: WS Credit Card","Credit Card Payments","WS Credit Card",0.00$,0.00$,0.00$
"Dec 2025","Monthly: Amroth House","Monthly","Amroth House",3616.21$,-3616.21$,0.00$
"Dec 2025","Monthly: Internet","Monthly","Internet",89.27$,-89.27$,0.00$
"Dec 2025","Monthly: Cellphone","Monthly","Cellphone",80.00$,-1145.81$,-971.80$
"Dec 2025","Monthly: Groceries","Monthly","Groceries",700.00$,-825.59$,36.35$
"Dec 2025","Monthly: Daycare","Monthly","Daycare",478.50$,-478.50$,0.00$
"Dec 2025","Monthly: Life Insurance","Monthly","Life Insurance",48.83$,-48.83$,0.00$
"Dec 2025","Cumulative: Fees","Cumulative","Fees",0.00$,0.00$,100.69$
"Dec 2025","Cumulative: Progeny","Cumulative","Progeny",40.00$,-151.72$,347.32$
"Dec 2025","Cumulative: Books & Education","Cumulative","Books & Education",100.00$,0.00$,283.79$
"Dec 2025","Cumulative: Miscellaneous","Cumulative","Miscellaneous",0.00$,0.00$,82.86$
"Dec 2025","Cumulative: Car","Cumulative","Car",450.00$,-751.75$,2067.14$
"Dec 2025","Cumulative: Health & Pharmacy","Cumulative","Health & Pharmacy",20.00$,-28.00$,-1.21$
"Dec 2025","Cumulative: Clothes","Cumulative","Clothes",150.00$,-120.94$,306.06$
"Dec 2025","Cumulative: Eating Out","Cumulative","Eating Out",80.00$,-24.75$,62.40$
"Dec 2025","Cumulative: Fun, Dates & Hobbies","Cumulative","Fun, Dates & Hobbies",40.00$,-34.75$,373.11$
"Dec 2025","Cumulative: Gifts","Cumulative","Gifts",250.00$,-1233.60$,87.74$
"Dec 2025","Cumulative: Exercise","Cumulative","Exercise",40.00$,-55.37$,105.35$
"Dec 2025","Cumulative: Home Improvement","Cumulative","Home Improvement",2000.00$,-113.77$,2226.11$
"Dec 2025","Cumulative: Public Transportation","Cumulative","Public Transportation",0.00$,0.00$,113.40$
"Dec 2025","Cumulative: Bike","Cumulative","Bike",40.00$,-1.24$,320.67$
"Dec 2025","Cumulative: Special Splurge","Cumulative","Special Splurge",0.00$,0.00$,0.00$
"Dec 2025","Cumulative: Tim's Choice","Cumulative","Tim's Choice",60.00$,-525.00$,321.73$
"Dec 2025","Cumulative: Vivian's Choice","Cumulative","Vivian's Choice",60.00$,0.00$,1450.05$
"Dec 2025","Cumulative: Weddings","Cumulative","Weddings",0.00$,0.00$,77.10$
"Dec 2025","Cumulative: Travel","Cumulative","Travel",-330.00$,-1196.18$,8.97$
"Dec 2025","Tax Deductible: Koala Budget","Tax Deductible","Koala Budget",1000.00$,-750.82$,249.18$
"Dec 2025","Tax Deductible: Timmy's Work","Tax Deductible","Timmy's Work",0.00$,0.00$,0.00$
"Dec 2025","Tax Deductible: Vivian's Work","Tax Deductible","Vivian's Work",-44.41$,1347.15$,1347.15$
"Dec 2025","Tax Deductible: Medical","Tax Deductible","Medical",-723.89$,723.89$,0.00$
"Dec 2025","Tax Deductible: God's Money","Tax Deductible","God's Money",4300.00$,-7238.50$,0.00$
"Dec 2025","Savings: RESP","Savings","RESP",50.00$,-150.00$,-100.00$
"Dec 2025","Savings: Retirement","Savings","Retirement",915.75$,-965.59$,-49.84$
"Dec 2025","Savings: Emergency Fund","Savings","Emergency Fund",7700.00$,0.00$,7700.00$
"Dec 2025","Savings: House","Savings","House",10082.00$,-10182.00$,-100.00$
"Dec 2025","Savings: Investment Gain/Loss","Savings","Investment Gain/Loss",0.00$,0.00$,0.00$
"Dec 2025","Savings: Savings Expenses","Savings","Savings Expenses",0.00$,0.00$,0.00$
"Dec 2025","Hidden Categories: Rent","Hidden Categories","Rent",0.00$,0.00$,0.00$
"Dec 2025","Hidden Categories: Hydro","Hidden Categories","Hydro",0.00$,0.00$,0.00$
"Dec 2025","Hidden Categories: Moving & Home Setup","Hidden Categories","Moving & Home Setup",0.00$,0.00$,0.00$
"Dec 2025","Hidden Categories: Alcohol","Hidden Categories","Alcohol",0.00$,0.00$,0.00$
"Dec 2025","Hidden Categories: Vivian COGS","Hidden Categories","Vivian COGS",0.00$,0.00$,0.00$
"Dec 2025","Hidden Categories: Income Tax and HST","Hidden Categories","Income Tax and HST",0.00$,0.00$,0.00$
"Dec 2025","Hidden Categories: Moving Out Fund","Hidden Categories","Moving Out Fund",0.00$,0.00$,0.00$
"Dec 2025","Hidden Categories: Publishing","Hidden Categories","Publishing",0.00$,0.00$,0.00$
"Dec 2025","Hidden Categories: Tuition","Hidden Categories","Tuition",0.00$,0.00$,0.00$
"Jan 2026","Credit Card Payments: Credit Card (TG)","Credit Card Payments","Credit Card (TG)",0.00$,1177.83$,1177.83$
"Jan 2026","Credit Card Payments: Reconcile account","Credit Card Payments","Reconcile account",0.00$,915.75$,6935.25$
"Jan 2026","Credit Card Payments: BBC Visa","Credit Card Payments","BBC Visa",0.00$,-269.95$,-269.95$
"Jan 2026","Credit Card Payments: TD Travel Visa","Credit Card Payments","TD Travel Visa",0.00$,0.00$,0.00$
"Jan 2026","Credit Card Payments: Viv's Credit Card (TG)","Credit Card Payments","Viv's Credit Card (TG)",0.00$,1063.63$,1063.63$
"Jan 2026","Credit Card Payments: WS Credit Card","Credit Card Payments","WS Credit Card",0.00$,0.00$,0.00$
"Jan 2026","Monthly: Amroth House","Monthly","Amroth House",3616.21$,-4416.21$,-800.00$
"Jan 2026","Monthly: Internet","Monthly","Internet",89.27$,-89.27$,0.00$
"Jan 2026","Monthly: Cellphone","Monthly","Cellphone",45.00$,-35.00$,10.00$
"Jan 2026","Monthly: Groceries","Monthly","Groceries",700.00$,-1166.89$,-430.54$
"Jan 2026","Monthly: Daycare","Monthly","Daycare",478.50$,-478.50$,0.00$
"Jan 2026","Monthly: Life Insurance","Monthly","Life Insurance",48.83$,-48.83$,0.00$
"Jan 2026","Cumulative: Fees","Cumulative","Fees",0.00$,0.00$,100.69$
"Jan 2026","Cumulative: Progeny","Cumulative","Progeny",40.00$,-60.00$,327.32$
"Jan 2026","Cumulative: Books & Education","Cumulative","Books & Education",40.00$,-14.68$,309.11$
"Jan 2026","Cumulative: Miscellaneous","Cumulative","Miscellaneous",0.00$,0.00$,82.86$
"Jan 2026","Cumulative: Car","Cumulative","Car",450.00$,-242.14$,2275.00$
"Jan 2026","Cumulative: Health & Pharmacy","Cumulative","Health & Pharmacy",20.00$,-81.61$,-61.61$
"Jan 2026","Cumulative: Clothes","Cumulative","Clothes",150.00$,0.00$,456.06$
"Jan 2026","Cumulative: Eating Out","Cumulative","Eating Out",80.00$,0.00$,142.40$
"Jan 2026","Cumulative: Fun, Dates & Hobbies","Cumulative","Fun, Dates & Hobbies",40.00$,-28.67$,384.44$
"Jan 2026","Cumulative: Gifts","Cumulative","Gifts",250.00$,0.00$,337.74$
"Jan 2026","Cumulative: Exercise","Cumulative","Exercise",40.00$,-55.37$,89.98$
"Jan 2026","Cumulative: Home Improvement","Cumulative","Home Improvement",0.00$,-27.33$,2198.78$
"Jan 2026","Cumulative: Public Transportation","Cumulative","Public Transportation",0.00$,-20.00$,93.40$
"Jan 2026","Cumulative: Bike","Cumulative","Bike",40.00$,0.00$,360.67$
"Jan 2026","Cumulative: Special Splurge","Cumulative","Special Splurge",0.00$,0.00$,0.00$
"Jan 2026","Cumulative: Tim's Choice","Cumulative","Tim's Choice",60.00$,0.00$,381.73$
"Jan 2026","Cumulative: Vivian's Choice","Cumulative","Vivian's Choice",60.00$,0.00$,1510.05$
"Jan 2026","Cumulative: Weddings","Cumulative","Weddings",0.00$,0.00$,77.10$
"Jan 2026","Cumulative: Travel","Cumulative","Travel",200.00$,0.00$,208.97$
"Jan 2026","Tax Deductible: Koala Budget","Tax Deductible","Koala Budget",0.00$,-56.42$,192.76$
"Jan 2026","Tax Deductible: Timmy's Work","Tax Deductible","Timmy's Work",0.00$,0.00$,0.00$
"Jan 2026","Tax Deductible: Vivian's Work","Tax Deductible","Vivian's Work",0.00$,-478.33$,868.82$
"Jan 2026","Tax Deductible: Medical","Tax Deductible","Medical",0.00$,-727.70$,-727.70$
"Jan 2026","Tax Deductible: God's Money","Tax Deductible","God's Money",1063.00$,-678.00$,385.00$
"Jan 2026","Savings: RESP","Savings","RESP",50.00$,-50.00$,0.00$
"Jan 2026","Savings: Retirement","Savings","Retirement",915.75$,-1302.51$,-386.76$
"Jan 2026","Savings: Emergency Fund","Savings","Emergency Fund",0.00$,0.00$,7700.00$
"Jan 2026","Savings: House","Savings","House",0.00$,-137.87$,-137.87$
"Jan 2026","Savings: Investment Gain/Loss","Savings","Investment Gain/Loss",0.00$,0.00$,0.00$
"Jan 2026","Savings: Savings Expenses","Savings","Savings Expenses",0.00$,0.00$,0.00$
"Jan 2026","Hidden Categories: Rent","Hidden Categories","Rent",0.00$,0.00$,0.00$
"Jan 2026","Hidden Categories: Hydro","Hidden Categories","Hydro",0.00$,0.00$,0.00$
"Jan 2026","Hidden Categories: Moving & Home Setup","Hidden Categories","Moving & Home Setup",0.00$,0.00$,0.00$
"Jan 2026","Hidden Categories: Alcohol","Hidden Categories","Alcohol",0.00$,0.00$,0.00$
"Jan 2026","Hidden Categories: Vivian COGS","Hidden Categories","Vivian COGS",0.00$,0.00$,0.00$
"Jan 2026","Hidden Categories: Income Tax and HST","Hidden Categories","Income Tax and HST",0.00$,0.00$,0.00$
"Jan 2026","Hidden Categories: Moving Out Fund","Hidden Categories","Moving Out Fund",0.00$,0.00$,0.00$
"Jan 2026","Hidden Categories: Publishing","Hidden Categories","Publishing",0.00$,0.00$,0.00$
"Jan 2026","Hidden Categories: Tuition","Hidden Categories","Tuition",0.00$,0.00$,0.00$
"Feb 2026","Credit Card Payments: Credit Card (TG)","Credit Card Payments","Credit Card (TG)",0.00$,-1318.56$,-140.73$
"Feb 2026","Credit Card Payments: Reconcile account","Credit Card Payments","Reconcile account",0.00$,915.75$,7851.00$
"Feb 2026","Credit Card Payments: BBC Visa","Credit Card Payments","BBC Visa",0.00$,-651.35$,-651.35$
"Feb 2026","Credit Card Payments: TD Travel Visa","Credit Card Payments","TD Travel Visa",0.00$,0.00$,0.00$
"Feb 2026","Credit Card Payments: Viv's Credit Card (TG)","Credit Card Payments","Viv's Credit Card (TG)",0.00$,-95.57$,968.06$
"Feb 2026","Credit Card Payments: WS Credit Card","Credit Card Payments","WS Credit Card",0.00$,0.00$,0.00$
"Feb 2026","Monthly: Amroth House","Monthly","Amroth House",3762.05$,-4262.05$,-500.00$
"Feb 2026","Monthly: Internet","Monthly","Internet",89.27$,-89.27$,0.00$
"Feb 2026","Monthly: Cellphone","Monthly","Cellphone",45.00$,-45.20$,9.80$
"Feb 2026","Monthly: Groceries","Monthly","Groceries",500.00$,-838.96$,-338.96$
"Feb 2026","Monthly: Daycare","Monthly","Daycare",478.50$,-478.50$,0.00$
"Feb 2026","Monthly: Life Insurance","Monthly","Life Insurance",48.83$,-48.83$,0.00$
"Feb 2026","Cumulative: Fees","Cumulative","Fees",0.00$,0.00$,100.69$
"Feb 2026","Cumulative: Progeny","Cumulative","Progeny",40.00$,-143.20$,224.12$
"Feb 2026","Cumulative: Books & Education","Cumulative","Books & Education",0.00$,-59.77$,249.34$
"Feb 2026","Cumulative: Miscellaneous","Cumulative","Miscellaneous",0.00$,0.00$,82.86$
"Feb 2026","Cumulative: Car","Cumulative","Car",200.00$,-228.32$,2246.68$
"Feb 2026","Cumulative: Health & Pharmacy","Cumulative","Health & Pharmacy",20.00$,0.00$,20.00$
"Feb 2026","Cumulative: Clothes","Cumulative","Clothes",-100.00$,-5.41$,350.65$
"Feb 2026","Cumulative: Eating Out","Cumulative","Eating Out",0.00$,-35.43$,106.97$
"Feb 2026","Cumulative: Fun, Dates & Hobbies","Cumulative","Fun, Dates & Hobbies",-80.00$,0.00$,304.44$
"Feb 2026","Cumulative: Gifts","Cumulative","Gifts",250.00$,0.00$,587.74$
"Feb 2026","Cumulative: Exercise","Cumulative","Exercise",40.00$,-55.37$,74.61$
"Feb 2026","Cumulative: Home Improvement","Cumulative","Home Improvement",-200.00$,-136.13$,1862.65$
"Feb 2026","Cumulative: Public Transportation","Cumulative","Public Transportation",0.00$,-26.60$,66.80$
"Feb 2026","Cumulative: Bike","Cumulative","Bike",-100.00$,0.00$,260.67$
"Feb 2026","Cumulative: Special Splurge","Cumulative","Special Splurge",0.00$,0.00$,0.00$
"Feb 2026","Cumulative: Tim's Choice","Cumulative","Tim's Choice",40.00$,0.00$,421.73$
"Feb 2026","Cumulative: Vivian's Choice","Cumulative","Vivian's Choice",40.00$,-23.49$,1526.56$
"Feb 2026","Cumulative: Weddings","Cumulative","Weddings",0.00$,0.00$,77.10$
"Feb 2026","Cumulative: Travel","Cumulative","Travel",200.00$,0.00$,408.97$
"Feb 2026","Tax Deductible: Koala Budget","Tax Deductible","Koala Budget",0.00$,-48.65$,144.11$
"Feb 2026","Tax Deductible: Timmy's Work","Tax Deductible","Timmy's Work",0.00$,0.00$,0.00$
"Feb 2026","Tax Deductible: Vivian's Work","Tax Deductible","Vivian's Work",-695.18$,-173.64$,0.00$
"Feb 2026","Tax Deductible: Medical","Tax Deductible","Medical",0.00$,327.70$,327.70$
"Feb 2026","Tax Deductible: God's Money","Tax Deductible","God's Money",723.00$,-678.00$,430.00$
"Feb 2026","Savings: RESP","Savings","RESP",50.00$,-50.00$,0.00$
"Feb 2026","Savings: Retirement","Savings","Retirement",915.75$,-965.59$,-49.84$
"Feb 2026","Savings: Emergency Fund","Savings","Emergency Fund",0.00$,0.00$,7700.00$
"Feb 2026","Savings: House","Savings","House",0.00$,-128.98$,-128.98$
"Feb 2026","Savings: Investment Gain/Loss","Savings","Investment Gain/Loss",0.00$,0.00$,0.00$
"Feb 2026","Savings: Savings Expenses","Savings","Savings Expenses",0.00$,0.00$,0.00$
"Feb 2026","Hidden Categories: Rent","Hidden Categories","Rent",0.00$,0.00$,0.00$
"Feb 2026","Hidden Categories: Hydro","Hidden Categories","Hydro",0.00$,0.00$,0.00$
"Feb 2026","Hidden Categories: Moving & Home Setup","Hidden Categories","Moving & Home Setup",0.00$,0.00$,0.00$
"Feb 2026","Hidden Categories: Alcohol","Hidden Categories","Alcohol",0.00$,0.00$,0.00$
"Feb 2026","Hidden Categories: Vivian COGS","Hidden Categories","Vivian COGS",0.00$,0.00$,0.00$
"Feb 2026","Hidden Categories: Income Tax and HST","Hidden Categories","Income Tax and HST",0.00$,0.00$,0.00$
"Feb 2026","Hidden Categories: Moving Out Fund","Hidden Categories","Moving Out Fund",0.00$,0.00$,0.00$
"Feb 2026","Hidden Categories: Publishing","Hidden Categories","Publishing",0.00$,0.00$,0.00$
"Feb 2026","Hidden Categories: Tuition","Hidden Categories","Tuition",0.00$,0.00$,0.00$
"Mar 2026","Credit Card Payments: Credit Card (TG)","Credit Card Payments","Credit Card (TG)",1131.73$,-1316.84$,-185.11$
"Mar 2026","Credit Card Payments: Reconcile account","Credit Card Payments","Reconcile account",-7851.00$,915.75$,915.75$
"Mar 2026","Credit Card Payments: BBC Visa","Credit Card Payments","BBC Visa",35.98$,42.58$,78.56$
"Mar 2026","Credit Card Payments: TD Travel Visa","Credit Card Payments","TD Travel Visa",0.00$,0.00$,0.00$
"Mar 2026","Credit Card Payments: Viv's Credit Card (TG)","Credit Card Payments","Viv's Credit Card (TG)",177.77$,-1435.42$,-289.59$
"Mar 2026","Credit Card Payments: WS Credit Card","Credit Card Payments","WS Credit Card",0.00$,0.00$,0.00$
"Mar 2026","Monthly: Amroth House","Monthly","Amroth House",3762.05$,-3762.05$,0.00$
"Mar 2026","Monthly: Internet","Monthly","Internet",89.27$,-89.27$,0.00$
"Mar 2026","Monthly: Cellphone","Monthly","Cellphone",45.00$,-45.20$,9.60$
"Mar 2026","Monthly: Groceries","Monthly","Groceries",800.00$,-679.45$,120.55$
"Mar 2026","Monthly: Daycare","Monthly","Daycare",478.50$,-478.50$,0.00$
"Mar 2026","Monthly: Life Insurance","Monthly","Life Insurance",48.83$,-48.83$,0.00$
"Mar 2026","Cumulative: Fees","Cumulative","Fees",0.00$,0.00$,100.69$
"Mar 2026","Cumulative: Progeny","Cumulative","Progeny",40.00$,-20.79$,243.33$
"Mar 2026","Cumulative: Books & Education","Cumulative","Books & Education",40.00$,0.00$,289.34$
"Mar 2026","Cumulative: Miscellaneous","Cumulative","Miscellaneous",0.00$,0.00$,82.86$
"Mar 2026","Cumulative: Car","Cumulative","Car",200.00$,-188.32$,2258.36$
"Mar 2026","Cumulative: Health & Pharmacy","Cumulative","Health & Pharmacy",20.00$,-82.54$,-42.54$
"Mar 2026","Cumulative: Clothes","Cumulative","Clothes",80.00$,0.00$,430.65$
"Mar 2026","Cumulative: Eating Out","Cumulative","Eating Out",40.00$,-16.08$,130.89$
"Mar 2026","Cumulative: Fun, Dates & Hobbies","Cumulative","Fun, Dates & Hobbies",0.00$,-83.60$,220.84$
"Mar 2026","Cumulative: Gifts","Cumulative","Gifts",250.00$,-7.34$,830.40$
"Mar 2026","Cumulative: Exercise","Cumulative","Exercise",40.00$,-55.37$,59.24$
"Mar 2026","Cumulative: Home Improvement","Cumulative","Home Improvement",200.00$,-65.08$,1997.57$
"Mar 2026","Cumulative: Public Transportation","Cumulative","Public Transportation",0.00$,-33.20$,33.60$
"Mar 2026","Cumulative: Bike","Cumulative","Bike",0.00$,-1.13$,259.54$
"Mar 2026","Cumulative: Special Splurge","Cumulative","Special Splurge",0.00$,0.00$,0.00$
"Mar 2026","Cumulative: Tim's Choice","Cumulative","Tim's Choice",60.00$,0.00$,481.73$
"Mar 2026","Cumulative: Vivian's Choice","Cumulative","Vivian's Choice",60.00$,0.00$,1586.56$
"Mar 2026","Cumulative: Weddings","Cumulative","Weddings",0.00$,0.00$,77.10$
"Mar 2026","Cumulative: Travel","Cumulative","Travel",200.00$,0.00$,608.97$
"Mar 2026","Tax Deductible: Koala Budget","Tax Deductible","Koala Budget",0.00$,-42.58$,101.53$
"Mar 2026","Tax Deductible: Timmy's Work","Tax Deductible","Timmy's Work",0.00$,0.00$,0.00$
"Mar 2026","Tax Deductible: Vivian's Work","Tax Deductible","Vivian's Work",0.00$,564.12$,564.12$
"Mar 2026","Tax Deductible: Medical","Tax Deductible","Medical",-327.70$,0.00$,0.00$
"Mar 2026","Tax Deductible: God's Money","Tax Deductible","God's Money",850.00$,-708.00$,572.00$
"Mar 2026","Savings: RESP","Savings","RESP",50.00$,-50.00$,0.00$
"Mar 2026","Savings: Retirement","Savings","Retirement",915.75$,-965.59$,-49.84$
"Mar 2026","Savings: Emergency Fund","Savings","Emergency Fund",2300.00$,0.00$,10000.00$
"Mar 2026","Savings: House","Savings","House",0.00$,-82.00$,-82.00$
"Mar 2026","Savings: Investment Gain/Loss","Savings","Investment Gain/Loss",0.00$,0.00$,0.00$
"Mar 2026","Savings: Savings Expenses","Savings","Savings Expenses",0.00$,0.00$,0.00$
"Mar 2026","Hidden Categories: Rent","Hidden Categories","Rent",0.00$,0.00$,0.00$
"Mar 2026","Hidden Categories: Hydro","Hidden Categories","Hydro",0.00$,0.00$,0.00$
"Mar 2026","Hidden Categories: Moving & Home Setup","Hidden Categories","Moving & Home Setup",0.00$,0.00$,0.00$
"Mar 2026","Hidden Categories: Alcohol","Hidden Categories","Alcohol",0.00$,0.00$,0.00$
"Mar 2026","Hidden Categories: Vivian COGS","Hidden Categories","Vivian COGS",0.00$,0.00$,0.00$
"Mar 2026","Hidden Categories: Income Tax and HST","Hidden Categories","Income Tax and HST",0.00$,0.00$,0.00$
"Mar 2026","Hidden Categories: Moving Out Fund","Hidden Categories","Moving Out Fund",0.00$,0.00$,0.00$
"Mar 2026","Hidden Categories: Publishing","Hidden Categories","Publishing",0.00$,0.00$,0.00$
"Mar 2026","Hidden Categories: Tuition","Hidden Categories","Tuition",0.00$,0.00$,0.00$
"Apr 2026","Credit Card Payments: Credit Card (TG)","Credit Card Payments","Credit Card (TG)",0.00$,4486.46$,4486.46$
"Apr 2026","Credit Card Payments: Reconcile account","Credit Card Payments","Reconcile account",-1831.50$,915.75$,0.00$
"Apr 2026","Credit Card Payments: BBC Visa","Credit Card Payments","BBC Visa",347.76$,-426.32$,0.00$
"Apr 2026","Credit Card Payments: TD Travel Visa","Credit Card Payments","TD Travel Visa",0.00$,0.00$,0.00$
"Apr 2026","Credit Card Payments: Viv's Credit Card (TG)","Credit Card Payments","Viv's Credit Card (TG)",0.00$,847.80$,847.80$
"Apr 2026","Credit Card Payments: WS Credit Card","Credit Card Payments","WS Credit Card",0.00$,0.00$,0.00$
"Apr 2026","Monthly: Amroth House","Monthly","Amroth House",3762.05$,-3762.05$,0.00$
"Apr 2026","Monthly: Internet","Monthly","Internet",89.27$,-89.27$,0.00$
"Apr 2026","Monthly: Cellphone","Monthly","Cellphone",45.00$,-45.20$,9.40$
"Apr 2026","Monthly: Groceries","Monthly","Groceries",800.00$,-663.93$,256.62$
"Apr 2026","Monthly: Daycare","Monthly","Daycare",478.50$,-478.50$,0.00$
"Apr 2026","Monthly: Life Insurance","Monthly","Life Insurance",48.83$,-48.83$,0.00$
"Apr 2026","Cumulative: Fees","Cumulative","Fees",0.00$,0.00$,100.69$
"Apr 2026","Cumulative: Progeny","Cumulative","Progeny",740.00$,-209.44$,773.89$
"Apr 2026","Cumulative: Books & Education","Cumulative","Books & Education",40.00$,-182.60$,146.74$
"Apr 2026","Cumulative: Miscellaneous","Cumulative","Miscellaneous",0.00$,0.00$,82.86$
"Apr 2026","Cumulative: Car","Cumulative","Car",200.00$,-549.92$,1908.44$
"Apr 2026","Cumulative: Health & Pharmacy","Cumulative","Health & Pharmacy",20.00$,-42.24$,-22.24$
"Apr 2026","Cumulative: Clothes","Cumulative","Clothes",80.00$,-128.50$,382.15$
"Apr 2026","Cumulative: Eating Out","Cumulative","Eating Out",40.00$,0.00$,170.89$
"Apr 2026","Cumulative: Fun, Dates & Hobbies","Cumulative","Fun, Dates & Hobbies",0.00$,-46.30$,174.54$
"Apr 2026","Cumulative: Gifts","Cumulative","Gifts",250.00$,0.00$,1080.40$
"Apr 2026","Cumulative: Exercise","Cumulative","Exercise",40.00$,0.00$,99.24$
"Apr 2026","Cumulative: Home Improvement","Cumulative","Home Improvement",3300.00$,-4411.47$,886.10$
"Apr 2026","Cumulative: Public Transportation","Cumulative","Public Transportation",20.00$,-40.00$,13.60$
"Apr 2026","Cumulative: Bike","Cumulative","Bike",700.00$,0.00$,959.54$
"Apr 2026","Cumulative: Special Splurge","Cumulative","Special Splurge",0.00$,0.00$,0.00$
"Apr 2026","Cumulative: Tim's Choice","Cumulative","Tim's Choice",60.00$,0.00$,541.73$
"Apr 2026","Cumulative: Vivian's Choice","Cumulative","Vivian's Choice",60.00$,-206.07$,1440.49$
"Apr 2026","Cumulative: Weddings","Cumulative","Weddings",0.00$,0.00$,77.10$
"Apr 2026","Cumulative: Travel","Cumulative","Travel",200.00$,0.00$,808.97$
"Apr 2026","Tax Deductible: Koala Budget","Tax Deductible","Koala Budget",0.00$,-66.83$,34.70$
"Apr 2026","Tax Deductible: Timmy's Work","Tax Deductible","Timmy's Work",0.00$,0.00$,0.00$
"Apr 2026","Tax Deductible: Vivian's Work","Tax Deductible","Vivian's Work",-100.04$,-502.48$,-38.40$
"Apr 2026","Tax Deductible: Medical","Tax Deductible","Medical",0.00$,-0.30$,-0.30$
"Apr 2026","Tax Deductible: God's Money","Tax Deductible","God's Money",1942.00$,-748.00$,1766.00$
"Apr 2026","Savings: RESP","Savings","RESP",50.00$,-50.00$,0.00$
"Apr 2026","Savings: Retirement","Savings","Retirement",915.75$,-965.59$,-49.84$
"Apr 2026","Savings: Emergency Fund","Savings","Emergency Fund",0.00$,-10000.00$,0.00$
"Apr 2026","Savings: House","Savings","House",1000.00$,-7167.00$,-6167.00$
"Apr 2026","Savings: Investment Gain/Loss","Savings","Investment Gain/Loss",0.00$,0.00$,0.00$
"Apr 2026","Savings: Savings Expenses","Savings","Savings Expenses",0.00$,0.00$,0.00$
"Apr 2026","Hidden Categories: Rent","Hidden Categories","Rent",0.00$,0.00$,0.00$
"Apr 2026","Hidden Categories: Hydro","Hidden Categories","Hydro",0.00$,0.00$,0.00$
"Apr 2026","Hidden Categories: Moving & Home Setup","Hidden Categories","Moving & Home Setup",0.00$,0.00$,0.00$
"Apr 2026","Hidden Categories: Alcohol","Hidden Categories","Alcohol",0.00$,0.00$,0.00$
"Apr 2026","Hidden Categories: Vivian COGS","Hidden Categories","Vivian COGS",0.00$,0.00$,0.00$
"Apr 2026","Hidden Categories: Income Tax and HST","Hidden Categories","Income Tax and HST",0.00$,0.00$,0.00$
"Apr 2026","Hidden Categories: Moving Out Fund","Hidden Categories","Moving Out Fund",0.00$,0.00$,0.00$
"Apr 2026","Hidden Categories: Publishing","Hidden Categories","Publishing",0.00$,0.00$,0.00$
"Apr 2026","Hidden Categories: Tuition","Hidden Categories","Tuition",0.00$,0.00$,0.00$
"May 2026","Credit Card Payments: Credit Card (TG)","Credit Card Payments","Credit Card (TG)",91.14$,-3793.13$,784.47$
"May 2026","Credit Card Payments: Reconcile account","Credit Card Payments","Reconcile account",0.00$,73.84$,73.84$
"May 2026","Credit Card Payments: BBC Visa","Credit Card Payments","BBC Visa",961.65$,-770.36$,191.29$
"May 2026","Credit Card Payments: TD Travel Visa","Credit Card Payments","TD Travel Visa",0.00$,0.00$,0.00$
"May 2026","Credit Card Payments: Viv's Credit Card (TG)","Credit Card Payments","Viv's Credit Card (TG)",28.52$,1254.63$,2130.95$
"May 2026","Credit Card Payments: WS Credit Card","Credit Card Payments","WS Credit Card",0.00$,0.00$,0.00$
"May 2026","Monthly: Amroth House","Monthly","Amroth House",3762.05$,-3762.05$,0.00$
"May 2026","Monthly: Internet","Monthly","Internet",89.27$,-89.27$,0.00$
"May 2026","Monthly: Cellphone","Monthly","Cellphone",45.00$,-45.20$,9.20$
"May 2026","Monthly: Groceries","Monthly","Groceries",800.00$,-963.74$,92.88$
"May 2026","Monthly: Daycare","Monthly","Daycare",478.50$,-478.50$,0.00$
"May 2026","Monthly: Life Insurance","Monthly","Life Insurance",48.83$,-48.83$,0.00$
"May 2026","Cumulative: Fees","Cumulative","Fees",0.00$,0.00$,100.69$
"May 2026","Cumulative: Progeny","Cumulative","Progeny",100.00$,-681.21$,192.68$
"May 2026","Cumulative: Books & Education","Cumulative","Books & Education",40.00$,-19.29$,167.45$
"May 2026","Cumulative: Miscellaneous","Cumulative","Miscellaneous",0.00$,0.00$,82.86$
"May 2026","Cumulative: Car","Cumulative","Car",-90.00$,-959.86$,858.58$
"May 2026","Cumulative: Health & Pharmacy","Cumulative","Health & Pharmacy",20.00$,-206.26$,-186.26$
"May 2026","Cumulative: Clothes","Cumulative","Clothes",80.00$,-69.91$,392.24$
"May 2026","Cumulative: Eating Out","Cumulative","Eating Out",40.00$,-19.53$,191.36$
"May 2026","Cumulative: Fun, Dates & Hobbies","Cumulative","Fun, Dates & Hobbies",40.00$,-80.87$,133.67$
"May 2026","Cumulative: Gifts","Cumulative","Gifts",250.00$,-142.68$,1187.72$
"May 2026","Cumulative: Exercise","Cumulative","Exercise",40.00$,0.00$,139.24$
"May 2026","Cumulative: Home Improvement","Cumulative","Home Improvement",200.00$,1786.88$,2872.98$
"May 2026","Cumulative: Public Transportation","Cumulative","Public Transportation",20.00$,-73.30$,-39.70$
"May 2026","Cumulative: Bike","Cumulative","Bike",41.00$,-1647.85$,-647.31$
"May 2026","Cumulative: Special Splurge","Cumulative","Special Splurge",300.00$,0.00$,300.00$
"May 2026","Cumulative: Tim's Choice","Cumulative","Tim's Choice",60.00$,0.00$,601.73$
"May 2026","Cumulative: Vivian's Choice","Cumulative","Vivian's Choice",60.00$,0.00$,1500.49$
"May 2026","Cumulative: Weddings","Cumulative","Weddings",20.00$,0.00$,97.10$
"May 2026","Cumulative: Travel","Cumulative","Travel",200.00$,0.00$,1008.97$
"May 2026","Tax Deductible: Koala Budget","Tax Deductible","Koala Budget",56.00$,-66.07$,24.63$
"May 2026","Tax Deductible: Timmy's Work","Tax Deductible","Timmy's Work",0.00$,0.00$,0.00$
"May 2026","Tax Deductible: Vivian's Work","Tax Deductible","Vivian's Work",297.60$,-297.60$,0.00$
"May 2026","Tax Deductible: Medical","Tax Deductible","Medical",0.00$,-491.55$,-491.55$
"May 2026","Tax Deductible: God's Money","Tax Deductible","God's Money",924.00$,-2485.47$,204.53$
"May 2026","Savings: RESP","Savings","RESP",50.00$,-50.00$,0.00$
"May 2026","Savings: Retirement","Savings","Retirement",965.59$,-965.59$,0.00$
"May 2026","Savings: Emergency Fund","Savings","Emergency Fund",0.00$,0.00$,0.00$
"May 2026","Savings: House","Savings","House",3200.00$,-7604.88$,-4404.88$
"May 2026","Savings: Investment Gain/Loss","Savings","Investment Gain/Loss",0.00$,0.00$,0.00$
"May 2026","Savings: Savings Expenses","Savings","Savings Expenses",0.00$,0.00$,0.00$
"May 2026","Hidden Categories: Rent","Hidden Categories","Rent",0.00$,0.00$,0.00$
"May 2026","Hidden Categories: Hydro","Hidden Categories","Hydro",0.00$,0.00$,0.00$
"May 2026","Hidden Categories: Moving & Home Setup","Hidden Categories","Moving & Home Setup",0.00$,0.00$,0.00$
"May 2026","Hidden Categories: Alcohol","Hidden Categories","Alcohol",0.00$,0.00$,0.00$
"May 2026","Hidden Categories: Vivian COGS","Hidden Categories","Vivian COGS",0.00$,0.00$,0.00$
"May 2026","Hidden Categories: Income Tax and HST","Hidden Categories","Income Tax and HST",0.00$,0.00$,0.00$
"May 2026","Hidden Categories: Moving Out Fund","Hidden Categories","Moving Out Fund",0.00$,0.00$,0.00$
"May 2026","Hidden Categories: Publishing","Hidden Categories","Publishing",0.00$,0.00$,0.00$
"May 2026","Hidden Categories: Tuition","Hidden Categories","Tuition",0.00$,0.00$,0.00$
"Jun 2026","Credit Card Payments: Credit Card (TG)","Credit Card Payments","Credit Card (TG)",1369.77$,-879.88$,1274.36$
"Jun 2026","Credit Card Payments: Reconcile account","Credit Card Payments","Reconcile account",0.00$,73.84$,147.68$
"Jun 2026","Credit Card Payments: BBC Visa","Credit Card Payments","BBC Visa",464.69$,-362.73$,293.25$
"Jun 2026","Credit Card Payments: TD Travel Visa","Credit Card Payments","TD Travel Visa",0.00$,0.00$,0.00$
"Jun 2026","Credit Card Payments: Viv's Credit Card (TG)","Credit Card Payments","Viv's Credit Card (TG)",502.86$,-1648.03$,985.78$
"Jun 2026","Credit Card Payments: WS Credit Card","Credit Card Payments","WS Credit Card",0.00$,282.99$,282.99$
"Jun 2026","Monthly: Amroth House","Monthly","Amroth House",3762.05$,-3762.05$,0.00$
"Jun 2026","Monthly: Internet","Monthly","Internet",89.27$,-89.27$,0.00$
"Jun 2026","Monthly: Cellphone","Monthly","Cellphone",45.00$,-45.20$,9.00$
"Jun 2026","Monthly: Groceries","Monthly","Groceries",900.00$,-658.82$,334.06$
"Jun 2026","Monthly: Daycare","Monthly","Daycare",478.50$,-478.50$,0.00$
"Jun 2026","Monthly: Life Insurance","Monthly","Life Insurance",48.83$,-48.83$,0.00$
"Jun 2026","Cumulative: Fees","Cumulative","Fees",0.00$,0.00$,100.69$
"Jun 2026","Cumulative: Progeny","Cumulative","Progeny",100.00$,-201.88$,90.80$
"Jun 2026","Cumulative: Books & Education","Cumulative","Books & Education",40.00$,-71.45$,136.00$
"Jun 2026","Cumulative: Miscellaneous","Cumulative","Miscellaneous",0.00$,-9.52$,73.34$
"Jun 2026","Cumulative: Car","Cumulative","Car",200.00$,-416.37$,642.21$
"Jun 2026","Cumulative: Health & Pharmacy","Cumulative","Health & Pharmacy",170.00$,-218.32$,-48.32$
"Jun 2026","Cumulative: Clothes","Cumulative","Clothes",80.00$,-225.99$,246.25$
"Jun 2026","Cumulative: Eating Out","Cumulative","Eating Out",40.00$,41.21$,272.57$
"Jun 2026","Cumulative: Fun, Dates & Hobbies","Cumulative","Fun, Dates & Hobbies",40.00$,-1.70$,171.97$
"Jun 2026","Cumulative: Gifts","Cumulative","Gifts",250.00$,0.00$,1437.72$
"Jun 2026","Cumulative: Exercise","Cumulative","Exercise",40.00$,0.00$,179.24$
"Jun 2026","Cumulative: Home Improvement","Cumulative","Home Improvement",-300.00$,-56.14$,2516.84$
"Jun 2026","Cumulative: Public Transportation","Cumulative","Public Transportation",50.00$,0.00$,50.00$
"Jun 2026","Cumulative: Bike","Cumulative","Bike",450.00$,-372.87$,77.13$
"Jun 2026","Cumulative: Special Splurge","Cumulative","Special Splurge",300.00$,0.00$,600.00$
"Jun 2026","Cumulative: Tim's Choice","Cumulative","Tim's Choice",60.00$,0.00$,661.73$
"Jun 2026","Cumulative: Vivian's Choice","Cumulative","Vivian's Choice",60.00$,-171.58$,1388.91$
"Jun 2026","Cumulative: Weddings","Cumulative","Weddings",20.00$,0.00$,117.10$
"Jun 2026","Cumulative: Travel","Cumulative","Travel",200.00$,0.00$,1208.97$
"Jun 2026","Tax Deductible: Koala Budget","Tax Deductible","Koala Budget",56.00$,-28.00$,52.63$
"Jun 2026","Tax Deductible: Timmy's Work","Tax Deductible","Timmy's Work",0.00$,0.00$,0.00$
"Jun 2026","Tax Deductible: Vivian's Work","Tax Deductible","Vivian's Work",0.00$,697.86$,697.86$
"Jun 2026","Tax Deductible: Medical","Tax Deductible","Medical",0.00$,491.55$,491.55$
"Jun 2026","Tax Deductible: God's Money","Tax Deductible","God's Money",1437.00$,-1193.30$,448.23$
"Jun 2026","Savings: RESP","Savings","RESP",60.00$,-60.00$,0.00$
"Jun 2026","Savings: Retirement","Savings","Retirement",965.59$,-965.59$,0.00$
"Jun 2026","Savings: Emergency Fund","Savings","Emergency Fund",0.00$,0.00$,0.00$
"Jun 2026","Savings: House","Savings","House",1250.00$,-1380.11$,-130.11$
"Jun 2026","Savings: Investment Gain/Loss","Savings","Investment Gain/Loss",0.00$,0.00$,0.00$
"Jun 2026","Savings: Savings Expenses","Savings","Savings Expenses",0.00$,0.00$,0.00$
"Jun 2026","Hidden Categories: Rent","Hidden Categories","Rent",0.00$,0.00$,0.00$
"Jun 2026","Hidden Categories: Hydro","Hidden Categories","Hydro",0.00$,0.00$,0.00$
"Jun 2026","Hidden Categories: Moving & Home Setup","Hidden Categories","Moving & Home Setup",0.00$,0.00$,0.00$
"Jun 2026","Hidden Categories: Alcohol","Hidden Categories","Alcohol",0.00$,0.00$,0.00$
"Jun 2026","Hidden Categories: Vivian COGS","Hidden Categories","Vivian COGS",0.00$,0.00$,0.00$
"Jun 2026","Hidden Categories: Income Tax and HST","Hidden Categories","Income Tax and HST",0.00$,0.00$,0.00$
"Jun 2026","Hidden Categories: Moving Out Fund","Hidden Categories","Moving Out Fund",0.00$,0.00$,0.00$
"Jun 2026","Hidden Categories: Publishing","Hidden Categories","Publishing",0.00$,0.00$,0.00$
"Jun 2026","Hidden Categories: Tuition","Hidden Categories","Tuition",0.00$,0.00$,0.00$
"Jul 2026","Credit Card Payments: Credit Card (TG)","Credit Card Payments","Credit Card (TG)",-300.00$,-783.47$,190.89$
"Jul 2026","Credit Card Payments: Reconcile account","Credit Card Payments","Reconcile account",0.00$,-749.58$,-601.90$
"Jul 2026","Credit Card Payments: BBC Visa","Credit Card Payments","BBC Visa",-100.00$,-960.69$,-767.44$
"Jul 2026","Credit Card Payments: TD Travel Visa","Credit Card Payments","TD Travel Visa",0.00$,0.00$,0.00$
"Jul 2026","Credit Card Payments: Viv's Credit Card (TG)","Credit Card Payments","Viv's Credit Card (TG)",-300.00$,1056.03$,1741.81$
"Jul 2026","Credit Card Payments: WS Credit Card","Credit Card Payments","WS Credit Card",-257.80$,-387.06$,-361.87$
"Jul 2026","Monthly: Amroth House","Monthly","Amroth House",3759.81$,-3759.81$,0.00$
"Jul 2026","Monthly: Internet","Monthly","Internet",89.27$,-89.27$,0.00$
"Jul 2026","Monthly: Cellphone","Monthly","Cellphone",45.00$,-45.20$,8.80$
"Jul 2026","Monthly: Groceries","Monthly","Groceries",700.00$,-605.61$,428.45$
"Jul 2026","Monthly: Daycare","Monthly","Daycare",0.00$,0.00$,0.00$
"Jul 2026","Monthly: Life Insurance","Monthly","Life Insurance",48.83$,-48.83$,0.00$
"Jul 2026","Cumulative: Fees","Cumulative","Fees",0.00$,-20.00$,80.69$
"Jul 2026","Cumulative: Progeny","Cumulative","Progeny",200.00$,-188.39$,102.41$
"Jul 2026","Cumulative: Books & Education","Cumulative","Books & Education",40.00$,-23.16$,152.84$
"Jul 2026","Cumulative: Miscellaneous","Cumulative","Miscellaneous",0.00$,-9.52$,63.82$
"Jul 2026","Cumulative: Car","Cumulative","Car",200.00$,-649.22$,192.99$
"Jul 2026","Cumulative: Health & Pharmacy","Cumulative","Health & Pharmacy",170.00$,-96.45$,73.55$
"Jul 2026","Cumulative: Clothes","Cumulative","Clothes",80.00$,0.00$,326.25$
"Jul 2026","Cumulative: Eating Out","Cumulative","Eating Out",40.00$,-53.33$,259.24$
"Jul 2026","Cumulative: Fun, Dates & Hobbies","Cumulative","Fun, Dates & Hobbies",40.00$,-20.00$,191.97$
"Jul 2026","Cumulative: Gifts","Cumulative","Gifts",250.00$,-105.00$,1582.72$
"Jul 2026","Cumulative: Exercise","Cumulative","Exercise",40.00$,0.00$,219.24$
"Jul 2026","Cumulative: Home Improvement","Cumulative","Home Improvement",0.00$,-455.51$,2061.33$
"Jul 2026","Cumulative: Public Transportation","Cumulative","Public Transportation",50.00$,-43.30$,56.70$
"Jul 2026","Cumulative: Bike","Cumulative","Bike",100.00$,-3.03$,174.10$
"Jul 2026","Cumulative: Special Splurge","Cumulative","Special Splurge",300.00$,0.00$,900.00$
"Jul 2026","Cumulative: Tim's Choice","Cumulative","Tim's Choice",60.00$,0.00$,721.73$
"Jul 2026","Cumulative: Vivian's Choice","Cumulative","Vivian's Choice",60.00$,-67.80$,1381.11$
"Jul 2026","Cumulative: Weddings","Cumulative","Weddings",20.00$,-161.02$,-23.92$
"Jul 2026","Cumulative: Travel","Cumulative","Travel",200.00$,-786.50$,622.47$
"Jul 2026","Tax Deductible: Koala Budget","Tax Deductible","Koala Budget",0.00$,-28.00$,24.63$
"Jul 2026","Tax Deductible: Timmy's Work","Tax Deductible","Timmy's Work",650.00$,0.00$,650.00$
"Jul 2026","Tax Deductible: Vivian's Work","Tax Deductible","Vivian's Work",-697.86$,-9.04$,-9.04$
"Jul 2026","Tax Deductible: Medical","Tax Deductible","Medical",-491.55$,-105.00$,-105.00$
"Jul 2026","Tax Deductible: God's Money","Tax Deductible","God's Money",1025.00$,-678.00$,795.23$
"Jul 2026","Savings: RESP","Savings","RESP",100.00$,-100.00$,0.00$
"Jul 2026","Savings: Retirement","Savings","Retirement",965.59$,-1302.51$,-336.92$
"Jul 2026","Savings: Emergency Fund","Savings","Emergency Fund",0.00$,0.00$,0.00$
"Jul 2026","Savings: House","Savings","House",1500.00$,-1650.00$,-150.00$
"Jul 2026","Savings: Investment Gain/Loss","Savings","Investment Gain/Loss",0.00$,0.00$,0.00$
"Jul 2026","Savings: Savings Expenses","Savings","Savings Expenses",0.00$,0.00$,0.00$
"Jul 2026","Hidden Categories: Rent","Hidden Categories","Rent",0.00$,0.00$,0.00$
"Jul 2026","Hidden Categories: Hydro","Hidden Categories","Hydro",0.00$,0.00$,0.00$
"Jul 2026","Hidden Categories: Moving & Home Setup","Hidden Categories","Moving & Home Setup",0.00$,0.00$,0.00$
"Jul 2026","Hidden Categories: Alcohol","Hidden Categories","Alcohol",0.00$,0.00$,0.00$
"Jul 2026","Hidden Categories: Vivian COGS","Hidden Categories","Vivian COGS",0.00$,0.00$,0.00$
"Jul 2026","Hidden Categories: Income Tax and HST","Hidden Categories","Income Tax and HST",0.00$,0.00$,0.00$
"Jul 2026","Hidden Categories: Moving Out Fund","Hidden Categories","Moving Out Fund",0.00$,0.00$,0.00$
"Jul 2026","Hidden Categories: Publishing","Hidden Categories","Publishing",0.00$,0.00$,0.00$
"Jul 2026","Hidden Categories: Tuition","Hidden Categories","Tuition",0.00$,0.00$,0.00$
"Aug 2026","Credit Card Payments: Credit Card (TG)","Credit Card Payments","Credit Card (TG)",0.00$,-235.68$,-44.79$
"Aug 2026","Credit Card Payments: Reconcile account","Credit Card Payments","Reconcile account",0.00$,628.67$,628.67$
"Aug 2026","Credit Card Payments: BBC Visa","Credit Card Payments","BBC Visa",0.00$,24.63$,24.63$
"Aug 2026","Credit Card Payments: TD Travel Visa","Credit Card Payments","TD Travel Visa",0.00$,0.00$,0.00$
"Aug 2026","Credit Card Payments: Viv's Credit Card (TG)","Credit Card Payments","Viv's Credit Card (TG)",-1741.81$,-1285.34$,-1285.34$
"Aug 2026","Credit Card Payments: WS Credit Card","Credit Card Payments","WS Credit Card",-739.03$,0.40$,-738.63$
"Aug 2026","Monthly: Amroth House","Monthly","Amroth House",3759.81$,-3759.81$,0.00$
"Aug 2026","Monthly: Internet","Monthly","Internet",89.27$,-89.27$,0.00$
"Aug 2026","Monthly: Cellphone","Monthly","Cellphone",60.00$,-52.01$,16.79$
"Aug 2026","Monthly: Groceries","Monthly","Groceries",500.00$,-587.16$,341.29$
"Aug 2026","Monthly: Daycare","Monthly","Daycare",0.00$,0.00$,0.00$
"Aug 2026","Monthly: Life Insurance","Monthly","Life Insurance",48.83$,-48.83$,0.00$
"Aug 2026","Cumulative: Fees","Cumulative","Fees",0.00$,-20.00$,60.69$
"Aug 2026","Cumulative: Progeny","Cumulative","Progeny",200.00$,-126.79$,175.62$
"Aug 2026","Cumulative: Books & Education","Cumulative","Books & Education",40.00$,-33.67$,159.17$
"Aug 2026","Cumulative: Miscellaneous","Cumulative","Miscellaneous",400.00$,-353.52$,110.30$
"Aug 2026","Cumulative: Car","Cumulative","Car",400.00$,-325.58$,267.41$
"Aug 2026","Cumulative: Health & Pharmacy","Cumulative","Health & Pharmacy",100.00$,-53.98$,119.57$
"Aug 2026","Cumulative: Clothes","Cumulative","Clothes",80.00$,0.00$,406.25$
"Aug 2026","Cumulative: Eating Out","Cumulative","Eating Out",40.00$,-0.40$,298.84$
"Aug 2026","Cumulative: Fun, Dates & Hobbies","Cumulative","Fun, Dates & Hobbies",40.00$,0.00$,231.97$
"Aug 2026","Cumulative: Gifts","Cumulative","Gifts",250.00$,-63.43$,1769.29$
"Aug 2026","Cumulative: Exercise","Cumulative","Exercise",40.00$,0.00$,259.24$
"Aug 2026","Cumulative: Home Improvement","Cumulative","Home Improvement",600.00$,-147.79$,2513.54$
"Aug 2026","Cumulative: Public Transportation","Cumulative","Public Transportation",50.00$,-20.00$,86.70$
"Aug 2026","Cumulative: Bike","Cumulative","Bike",100.00$,0.00$,274.10$
"Aug 2026","Cumulative: Special Splurge","Cumulative","Special Splurge",300.00$,0.00$,1200.00$
"Aug 2026","Cumulative: Tim's Choice","Cumulative","Tim's Choice",60.00$,0.00$,781.73$
"Aug 2026","Cumulative: Vivian's Choice","Cumulative","Vivian's Choice",60.00$,0.00$,1441.11$
"Aug 2026","Cumulative: Weddings","Cumulative","Weddings",20.00$,0.00$,20.00$
"Aug 2026","Cumulative: Travel","Cumulative","Travel",1200.00$,-35.61$,1786.86$
"Aug 2026","Tax Deductible: Koala Budget","Tax Deductible","Koala Budget",0.00$,-28.00$,-3.37$
"Aug 2026","Tax Deductible: Timmy's Work","Tax Deductible","Timmy's Work",-650.00$,0.00$,0.00$
"Aug 2026","Tax Deductible: Vivian's Work","Tax Deductible","Vivian's Work",0.00$,0.00$,0.00$
"Aug 2026","Tax Deductible: Medical","Tax Deductible","Medical",0.00$,-105.00$,-105.00$
"Aug 2026","Tax Deductible: God's Money","Tax Deductible","God's Money",850.00$,-678.00$,967.23$
"Aug 2026","Savings: RESP","Savings","RESP",100.00$,-100.00$,0.00$
"Aug 2026","Savings: Retirement","Savings","Retirement",965.59$,-965.59$,0.00$
"Aug 2026","Savings: Emergency Fund","Savings","Emergency Fund",0.00$,0.00$,0.00$
"Aug 2026","Savings: House","Savings","House",3700.00$,-3838.00$,-138.00$
"Aug 2026","Savings: Investment Gain/Loss","Savings","Investment Gain/Loss",0.00$,0.00$,0.00$
"Aug 2026","Savings: Savings Expenses","Savings","Savings Expenses",0.00$,0.00$,0.00$
"Aug 2026","Hidden Categories: Rent","Hidden Categories","Rent",0.00$,0.00$,0.00$
"Aug 2026","Hidden Categories: Hydro","Hidden Categories","Hydro",0.00$,0.00$,0.00$
"Aug 2026","Hidden Categories: Moving & Home Setup","Hidden Categories","Moving & Home Setup",0.00$,0.00$,0.00$
"Aug 2026","Hidden Categories: Alcohol","Hidden Categories","Alcohol",0.00$,0.00$,0.00$
"Aug 2026","Hidden Categories: Vivian COGS","Hidden Categories","Vivian COGS",0.00$,0.00$,0.00$
"Aug 2026","Hidden Categories: Income Tax and HST","Hidden Categories","Income Tax and HST",0.00$,0.00$,0.00$
"Aug 2026","Hidden Categories: Moving Out Fund","Hidden Categories","Moving Out Fund",0.00$,0.00$,0.00$
"Aug 2026","Hidden Categories: Publishing","Hidden Categories","Publishing",0.00$,0.00$,0.00$
"Aug 2026","Hidden Categories: Tuition","Hidden Categories","Tuition",0.00$,0.00$,0.00$
"Sep 2026","Credit Card Payments: Credit Card (TG)","Credit Card Payments","Credit Card (TG)",0.00$,0.00$,0.00$
"Sep 2026","Credit Card Payments: Reconcile account","Credit Card Payments","Reconcile account",0.00$,336.92$,965.59$
"Sep 2026","Credit Card Payments: BBC Visa","Credit Card Payments","BBC Visa",0.00$,0.00$,24.63$
"Sep 2026","Credit Card Payments: TD Travel Visa","Credit Card Payments","TD Travel Visa",0.00$,0.00$,0.00$
"Sep 2026","Credit Card Payments: Viv's Credit Card (TG)","Credit Card Payments","Viv's Credit Card (TG)",-1741.81$,0.00$,-1741.81$
"Sep 2026","Credit Card Payments: WS Credit Card","Credit Card Payments","WS Credit Card",-739.03$,1036.53$,297.50$
"Sep 2026","Monthly: Amroth House","Monthly","Amroth House",3759.81$,0.00$,3759.81$
"Sep 2026","Monthly: Internet","Monthly","Internet",89.27$,0.00$,89.27$
"Sep 2026","Monthly: Cellphone","Monthly","Cellphone",60.00$,-50.85$,25.94$
"Sep 2026","Monthly: Groceries","Monthly","Groceries",700.00$,-301.95$,739.34$
"Sep 2026","Monthly: Daycare","Monthly","Daycare",0.00$,0.00$,0.00$
"Sep 2026","Monthly: Life Insurance","Monthly","Life Insurance",48.83$,0.00$,48.83$
"Sep 2026","Cumulative: Fees","Cumulative","Fees",0.00$,0.00$,60.69$
"Sep 2026","Cumulative: Progeny","Cumulative","Progeny",200.00$,-73.22$,302.40$
"Sep 2026","Cumulative: Books & Education","Cumulative","Books & Education",40.00$,0.00$,199.17$
"Sep 2026","Cumulative: Miscellaneous","Cumulative","Miscellaneous",0.00$,-45.19$,65.11$
"Sep 2026","Cumulative: Car","Cumulative","Car",400.00$,-188.32$,479.09$
"Sep 2026","Cumulative: Health & Pharmacy","Cumulative","Health & Pharmacy",100.00$,-27.00$,192.57$
"Sep 2026","Cumulative: Clothes","Cumulative","Clothes",80.00$,0.00$,486.25$
"Sep 2026","Cumulative: Eating Out","Cumulative","Eating Out",0.00$,0.00$,298.84$
"Sep 2026","Cumulative: Fun, Dates & Hobbies","Cumulative","Fun, Dates & Hobbies",40.00$,0.00$,271.97$
"Sep 2026","Cumulative: Gifts","Cumulative","Gifts",250.00$,0.00$,2019.29$
"Sep 2026","Cumulative: Exercise","Cumulative","Exercise",40.00$,0.00$,299.24$
"Sep 2026","Cumulative: Home Improvement","Cumulative","Home Improvement",600.00$,0.00$,3113.54$
"Sep 2026","Cumulative: Public Transportation","Cumulative","Public Transportation",50.00$,0.00$,136.70$
"Sep 2026","Cumulative: Bike","Cumulative","Bike",100.00$,0.00$,374.10$
"Sep 2026","Cumulative: Special Splurge","Cumulative","Special Splurge",300.00$,0.00$,1500.00$
"Sep 2026","Cumulative: Tim's Choice","Cumulative","Tim's Choice",60.00$,0.00$,841.73$
"Sep 2026","Cumulative: Vivian's Choice","Cumulative","Vivian's Choice",60.00$,0.00$,1501.11$
"Sep 2026","Cumulative: Weddings","Cumulative","Weddings",20.00$,0.00$,40.00$
"Sep 2026","Cumulative: Travel","Cumulative","Travel",100.00$,0.00$,1886.86$
"Sep 2026","Tax Deductible: Koala Budget","Tax Deductible","Koala Budget",30.00$,0.00$,30.00$
"Sep 2026","Tax Deductible: Timmy's Work","Tax Deductible","Timmy's Work",1928.00$,0.00$,1928.00$
"Sep 2026","Tax Deductible: Vivian's Work","Tax Deductible","Vivian's Work",0.00$,0.00$,0.00$
"Sep 2026","Tax Deductible: Medical","Tax Deductible","Medical",0.00$,0.00$,0.00$
"Sep 2026","Tax Deductible: God's Money","Tax Deductible","God's Money",1100.00$,-350.00$,1717.23$
"Sep 2026","Savings: RESP","Savings","RESP",100.00$,0.00$,100.00$
"Sep 2026","Savings: Retirement","Savings","Retirement",965.59$,-336.92$,628.67$
"Sep 2026","Savings: Emergency Fund","Savings","Emergency Fund",0.00$,0.00$,0.00$
"Sep 2026","Savings: House","Savings","House",2003.00$,-500.00$,1503.00$
"Sep 2026","Savings: Investment Gain/Loss","Savings","Investment Gain/Loss",0.00$,0.00$,0.00$
"Sep 2026","Savings: Savings Expenses","Savings","Savings Expenses",0.00$,0.00$,0.00$
"Sep 2026","Hidden Categories: Rent","Hidden Categories","Rent",0.00$,0.00$,0.00$
"Sep 2026","Hidden Categories: Hydro","Hidden Categories","Hydro",0.00$,0.00$,0.00$
"Sep 2026","Hidden Categories: Moving & Home Setup","Hidden Categories","Moving & Home Setup",0.00$,0.00$,0.00$
"Sep 2026","Hidden Categories: Alcohol","Hidden Categories","Alcohol",0.00$,0.00$,0.00$
"Sep 2026","Hidden Categories: Vivian COGS","Hidden Categories","Vivian COGS",0.00$,0.00$,0.00$
"Sep 2026","Hidden Categories: Income Tax and HST","Hidden Categories","Income Tax and HST",0.00$,0.00$,0.00$
"Sep 2026","Hidden Categories: Moving Out Fund","Hidden Categories","Moving Out Fund",0.00$,0.00$,0.00$
"Sep 2026","Hidden Categories: Publishing","Hidden Categories","Publishing",0.00$,0.00$,0.00$
"Sep 2026","Hidden Categories: Tuition","Hidden Categories","Tuition",0.00$,0.00$,0.00$